date,temperature,humidity,windspeed,precipitation,weathercode,sunrise,sunset
2021-09-16,17.1,77,10.7,0.0,3,07:28,20:01
2021-09-17,16.9,74,10.5,0.0,3,07:30,19:59
2021-09-18,17.1,76,10.0,0.4,51,07:31,19:56
2021-09-19,17.3,80,21.1,0.8,51,07:33,19:54
2021-09-20,16.0,89,14.2,12.3,63,07:34,19:52
2021-09-21,14.3,75,15.8,0.0,3,07:36,19:50
2021-09-22,13.8,74,10.0,0.0,3,07:37,19:48
2021-09-23,14.9,77,10.8,0.0,3,07:38,19:46
2021-09-24,15.9,83,9.2,0.0,3,07:40,19:44
2021-09-25,16.4,82,13.4,0.5,51,07:41,19:42
2021-09-26,17.3,89,21.4,2.9,61,07:43,19:40
2021-09-27,15.9,83,23.1,3.6,61,07:44,19:38
2021-09-28,13.7,72,13.7,0.0,3,07:46,19:35
2021-09-29,13.3,72,24.0,4.9,61,07:47,19:33
2021-09-30,11.9,69,15.0,0.0,3,07:48,19:31
2021-10-01,12.8,74,24.1,4.9,61,07:50,19:29
2021-10-02,14.9,87,37.0,6.5,61,07:51,19:27
2021-10-03,15.4,82,37.3,20.8,63,07:53,19:25
2021-10-04,12.9,73,21.5,0.2,51,07:54,19:23
2021-10-05,13.4,81,34.8,5.6,61,07:56,19:21
2021-10-06,12.8,70,30.7,0.0,3,07:57,19:19
2021-10-07,12.0,82,11.0,0.0,3,07:59,19:17
2021-10-08,12.4,82,16.9,0.0,2,08:00,19:14
2021-10-09,12.4,82,14.8,0.0,0,08:02,19:12
2021-10-10,11.2,81,13.0,0.0,3,08:03,19:10
2021-10-11,12.6,77,16.8,0.0,3,08:05,19:08
2021-10-12,10.8,82,18.6,0.0,3,08:06,19:06
2021-10-13,9.9,79,12.0,0.0,3,08:08,19:04
2021-10-14,9.0,79,9.0,0.0,0,08:09,19:02
2021-10-15,10.6,83,9.4,0.0,3,08:11,19:01
2021-10-16,10.5,83,9.0,0.0,3,08:12,18:59
2021-10-17,9.2,78,12.3,0.0,3,08:14,18:57
2021-10-18,11.5,86,20.6,1.0,53,08:15,18:55
2021-10-19,17.6,74,18.8,2.4,61,08:17,18:53
2021-10-20,17.5,74,40.1,1.4,55,08:18,18:51
2021-10-21,11.1,80,50.7,5.5,63,08:20,18:49
2021-10-22,8.2,82,20.1,0.1,51,08:22,18:47
2021-10-23,9.9,78,11.3,0.1,51,08:23,18:45
2021-10-24,7.7,82,12.6,0.0,3,08:25,18:44
2021-10-25,10.6,83,16.1,2.2,53,08:26,18:42
2021-10-26,11.3,88,14.8,0.0,3,08:28,18:40
2021-10-27,11.2,86,12.0,0.0,3,08:29,18:38
2021-10-28,11.3,81,19.5,0.0,1,08:31,18:36
2021-10-29,12.9,80,28.8,5.6,61,08:33,18:35
2021-10-30,12.9,91,20.9,7.3,61,08:34,18:33
2021-10-31,12.1,89,29.6,3.4,63,08:36,18:31
2021-11-01,9.9,82,27.5,5.6,63,08:37,18:30
2021-11-02,8.9,83,17.6,1.0,51,08:39,18:28
2021-11-03,7.9,88,15.4,7.3,55,08:41,18:27
2021-11-04,7.0,87,21.6,0.9,51,08:42,18:25
2021-11-05,7.6,83,16.5,1.8,61,08:44,18:24
2021-11-06,5.5,85,13.9,0.0,3,08:45,18:22
2021-11-07,9.7,81,18.2,0.4,51,08:47,18:21
2021-11-08,7.8,83,10.9,0.0,3,08:48,18:19
2021-11-09,5.0,90,8.7,0.0,3,08:50,18:18
2021-11-10,4.3,91,6.7,0.0,3,08:52,18:16
2021-11-11,4.2,95,7.6,0.0,3,08:53,18:15
2021-11-12,5.9,88,18.1,0.0,3,08:55,18:14
2021-11-13,11.2,89,18.6,0.6,51,08:56,18:13
2021-11-14,10.1,89,17.7,0.1,51,08:58,18:11
2021-11-15,6.7,90,15.9,0.0,3,08:59,18:10
2021-11-16,7.0,86,9.8,0.1,51,09:01,18:09
2021-11-17,8.8,92,13.3,0.5,51,09:03,18:08
2021-11-18,5.4,95,8.5,0.0,3,09:04,18:07
2021-11-19,8.1,90,9.2,0.0,3,09:06,18:05
2021-11-20,8.1,92,9.0,0.0,3,09:07,18:04
2021-11-21,6.8,91,17.7,1.3,51,09:09,18:03
2021-11-22,4.6,84,28.6,0.0,3,09:10,18:03
2021-11-23,3.4,78,19.4,0.0,0,09:11,18:02
2021-11-24,3.9,92,14.0,0.0,3,09:13,18:01
2021-11-25,3.5,92,12.0,0.1,51,09:14,18:00
2021-11-26,4.4,90,32.2,2.2,55,09:16,17:59
2021-11-27,2.9,88,24.5,2.8,75,09:17,17:59
2021-11-28,3.8,82,30.8,1.4,73,09:18,17:58
2021-11-29,1.6,86,16.5,0.0,3,09:20,17:57
2021-11-30,5.6,85,27.4,3.0,61,09:21,17:57
2021-12-01,8.4,85,31.8,4.9,63,09:22,17:56
2021-12-02,3.7,82,24.6,0.6,51,09:24,17:56
2021-12-03,2.7,90,29.5,8.6,71,09:25,17:55
2021-12-04,8.7,86,31.9,6.2,63,09:26,17:55
2021-12-05,4.0,90,21.4,3.8,73,09:27,17:55
2021-12-06,4.8,90,27.1,4.4,61,09:28,17:54
2021-12-07,5.4,89,31.0,2.3,55,09:30,17:54
2021-12-08,4.6,84,24.5,1.0,53,09:31,17:54
2021-12-09,3.8,87,24.5,0.9,53,09:32,17:54
2021-12-10,5.9,81,32.4,11.9,63,09:33,17:54
2021-12-11,4.6,86,18.7,0.2,51,09:34,17:54
2021-12-12,8.3,94,17.2,0.5,51,09:35,17:54
2021-12-13,7.6,96,14.6,0.0,3,09:35,17:54
2021-12-14,4.9,96,6.3,0.0,3,09:36,17:54
2021-12-15,6.8,93,8.4,0.0,3,09:37,17:54
2021-12-16,7.2,92,12.0,0.0,3,09:38,17:54
2021-12-17,6.1,92,20.0,0.0,3,09:38,17:54
2021-12-18,4.6,92,13.9,0.0,3,09:39,17:55
2021-12-19,5.1,96,15.9,0.0,3,09:40,17:55
2021-12-20,4.9,86,17.3,0.2,51,09:40,17:56
2021-12-21,0.1,88,8.9,0.0,3,09:41,17:56
2021-12-22,-2.6,91,14.5,0.0,3,09:41,17:57
2021-12-23,3.1,88,17.4,0.0,3,09:42,17:57
2021-12-24,7.5,96,12.4,7.0,61,09:42,17:58
2021-12-25,8.0,96,12.8,0.7,53,09:43,17:59
2021-12-26,8.0,96,13.5,4.7,61,09:43,17:59
2021-12-27,9.3,92,26.4,4.5,55,09:43,18:00
2021-12-28,11.1,78,31.8,11.1,63,09:43,18:01
2021-12-29,12.2,88,25.0,4.9,53,09:43,18:02
2021-12-30,13.0,90,22.8,0.1,51,09:44,18:03
2021-12-31,10.6,92,16.4,0.0,3,09:44,18:03
2022-01-01,9.4,90,16.1,0.0,3,09:44,18:04
2022-01-02,11.6,79,28.0,1.2,55,09:44,18:05
2022-01-03,11.0,86,28.8,4.3,61,09:43,18:06
2022-01-04,8.9,90,28.0,18.4,63,09:43,18:07
2022-01-05,3.2,79,21.7,0.1,51,09:43,18:08
2022-01-06,2.2,83,18.2,0.1,51,09:43,18:10
2022-01-07,5.1,82,31.6,6.0,71,09:42,18:11
2022-01-08,5.8,90,34.8,9.8,61,09:42,18:12
2022-01-09,4.6,85,42.2,2.9,55,09:42,18:13
2022-01-10,2.7,94,11.2,0.0,3,09:41,18:15
2022-01-11,-0.2,92,10.0,0.0,3,09:41,18:16
2022-01-12,0.4,91,9.7,0.0,3,09:40,18:17
2022-01-13,2.3,94,10.5,0.0,3,09:40,18:19
2022-01-14,0.9,90,9.5,0.0,0,09:39,18:20
2022-01-15,0.6,95,11.2,0.0,3,09:38,18:21
2022-01-16,1.8,92,17.6,0.6,53,09:38,18:23
2022-01-17,5.2,93,12.4,0.1,51,09:37,18:24
2022-01-18,3.7,92,21.6,0.0,3,09:36,18:26
2022-01-19,4.1,92,17.1,2.0,55,09:35,18:27
2022-01-20,3.7,88,17.3,0.3,51,09:34,18:29
2022-01-21,2.6,89,13.2,0.0,3,09:33,18:30
2022-01-22,3.9,85,9.2,0.0,3,09:32,18:32
2022-01-23,3.8,84,11.3,0.2,51,09:31,18:33
2022-01-24,1.5,91,10.4,0.0,1,09:30,18:35
2022-01-25,-0.3,98,8.3,0.0,3,09:29,18:36
2022-01-26,1.0,95,12.1,0.0,3,09:28,18:38
2022-01-27,3.6,89,16.8,0.4,51,09:27,18:40
2022-01-28,5.2,92,13.4,0.1,51,09:26,18:41
2022-01-29,8.1,89,24.4,0.4,51,09:24,18:43
2022-01-30,7.8,83,16.6,0.3,51,09:23,18:45
2022-01-31,6.3,69,34.6,0.6,51,09:22,18:46
2022-02-01,6.0,85,23.9,0.8,51,09:20,18:48
2022-02-02,9.5,85,22.3,0.1,51,09:19,18:49
2022-02-03,6.5,86,16.3,0.0,3,09:18,18:51
2022-02-04,7.0,85,27.9,0.9,53,09:16,18:53
2022-02-05,5.4,78,20.6,0.0,3,09:15,18:54
2022-02-06,8.3,83,38.3,4.4,53,09:13,18:56
2022-02-07,6.5,73,29.3,0.2,51,09:12,18:58
2022-02-08,8.2,83,17.2,0.0,3,09:10,18:59
2022-02-09,5.3,89,9.0,0.0,3,09:09,19:01
2022-02-10,6.9,86,18.1,2.4,53,09:07,19:03
2022-02-11,3.5,84,14.3,0.0,3,09:05,19:04
2022-02-12,2.2,79,14.6,0.0,3,09:04,19:06
2022-02-13,5.9,75,30.9,0.0,3,09:02,19:08
2022-02-14,8.9,78,33.6,1.6,51,09:00,19:09
2022-02-15,6.8,86,27.9,1.3,51,08:59,19:11
2022-02-16,11.6,88,33.4,6.4,55,08:57,19:13
2022-02-17,11.5,69,34.2,0.6,51,08:55,19:14
2022-02-18,10.0,77,38.3,1.7,53,08:53,19:16
2022-02-19,6.1,67,33.8,0.5,51,08:52,19:17
2022-02-20,9.9,78,41.4,0.2,51,08:50,19:19
2022-02-21,8.0,70,48.2,2.2,53,08:48,19:21
2022-02-22,8.4,81,29.4,0.1,51,08:46,19:22
2022-02-23,7.8,83,16.0,0.1,51,08:44,19:24
2022-02-24,8.0,78,35.6,3.0,61,08:42,19:26
2022-02-25,5.2,70,24.7,0.5,51,08:40,19:27
2022-02-26,3.4,76,18.1,0.0,1,08:38,19:29
2022-02-27,3.8,65,16.9,0.0,0,08:36,19:30
2022-02-28,3.7,70,10.9,0.0,3,08:34,19:32
2022-03-01,5.2,76,7.3,0.3,51,08:32,19:34
2022-03-02,6.4,75,8.9,0.0,3,08:30,19:35
2022-03-03,7.8,88,12.4,0.4,51,08:29,19:37
2022-03-04,7.9,91,15.3,2.1,55,08:27,19:38
2022-03-05,7.0,82,10.5,0.0,3,08:25,19:40
2022-03-06,4.2,71,21.7,0.0,3,08:23,19:41
2022-03-07,2.5,63,20.9,0.0,3,08:21,19:43
2022-03-08,4.5,66,15.3,0.0,0,08:19,19:45
2022-03-09,7.8,76,18.0,0.0,3,08:17,19:46
2022-03-10,9.3,71,16.4,0.0,3,08:14,19:48
2022-03-11,9.6,78,24.7,2.7,53,08:12,19:49
2022-03-12,8.2,87,23.1,2.7,53,08:10,19:51
2022-03-13,8.4,82,24.8,5.5,55,08:08,19:52
2022-03-14,8.4,79,17.0,0.0,3,08:06,19:54
2022-03-15,9.5,89,11.5,9.1,61,08:04,19:55
2022-03-16,11.4,88,16.6,0.4,51,08:02,19:57
2022-03-17,8.8,75,21.6,0.5,51,08:00,19:58
2022-03-18,7.9,65,26.3,0.0,0,07:58,20:00
2022-03-19,10.0,56,22.1,0.0,0,07:56,20:01
2022-03-20,6.8,59,14.3,0.0,3,07:53,20:03
2022-03-21,10.2,77,11.2,0.0,3,07:51,20:05
2022-03-22,10.7,65,19.8,0.0,0,07:49,20:06
2022-03-23,9.7,61,12.0,0.0,0,07:47,20:08
2022-03-24,10.5,63,12.5,0.0,0,07:45,20:09
2022-03-25,11.2,56,16.9,0.0,0,07:43,20:11
2022-03-26,11.3,57,19.7,0.0,0,07:41,20:12
2022-03-27,12.0,63,12.7,0.0,0,07:39,20:14
2022-03-28,11.8,69,11.9,0.0,3,07:37,20:15
2022-03-29,11.4,74,12.4,5.9,61,07:35,20:17
2022-03-30,10.1,87,14.4,16.8,63,07:33,20:18
2022-03-31,5.6,77,25.8,1.1,51,07:31,20:20
2022-04-01,2.4,69,30.1,3.4,73,07:28,20:21
2022-04-02,3.3,57,30.5,0.0,3,07:26,20:23
2022-04-03,3.8,58,19.9,0.0,3,07:24,20:24
2022-04-04,4.6,69,21.3,0.1,51,07:22,20:26
2022-04-05,10.0,84,19.9,1.0,51,07:20,20:27
2022-04-06,9.7,76,30.0,0.5,51,07:18,20:29
2022-04-07,11.3,75,39.4,2.8,61,07:16,20:30
2022-04-08,6.3,86,24.1,30.8,73,07:14,20:31
2022-04-09,5.5,77,17.8,1.4,53,07:12,20:33
2022-04-10,6.5,70,15.4,0.0,3,07:10,20:34
2022-04-11,10.8,64,17.1,0.0,3,07:08,20:36
2022-04-12,14.4,68,20.3,0.0,3,07:06,20:37
2022-04-13,13.1,86,6.6,7.9,61,07:04,20:39
2022-04-14,13.7,79,13.4,0.3,51,07:02,20:40
2022-04-15,13.7,75,11.4,0.0,3,07:00,20:42
2022-04-16,12.8,72,17.6,0.0,3,06:58,20:43
2022-04-17,12.2,58,12.0,0.0,3,06:56,20:45
2022-04-18,12.4,58,18.7,0.0,3,06:54,20:46
2022-04-19,12.0,69,16.6,0.2,51,06:52,20:48
2022-04-20,12.4,62,18.5,0.0,3,06:50,20:49
2022-04-21,12.7,56,21.0,0.0,3,06:48,20:51
2022-04-22,13.8,59,19.5,0.0,3,06:46,20:52
2022-04-23,13.3,70,23.4,1.9,61,06:45,20:54
2022-04-24,13.4,68,13.0,0.2,51,06:43,20:55
2022-04-25,12.1,64,17.2,1.1,53,06:41,20:57
2022-04-26,10.4,71,15.0,0.2,51,06:39,20:58
2022-04-27,11.7,64,19.4,0.0,3,06:37,21:00
2022-04-28,14.2,62,18.1,0.0,3,06:35,21:01
2022-04-29,13.7,65,17.9,4.4,61,06:34,21:03
2022-04-30,11.2,64,19.3,0.0,3,06:32,21:04
2022-05-01,10.7,62,13.2,0.0,3,06:30,21:06
2022-05-02,12.9,62,14.0,0.1,51,06:29,21:07
2022-05-03,13.9,57,17.6,0.0,3,06:27,21:08
2022-05-04,12.9,67,15.3,0.0,3,06:25,21:10
2022-05-05,13.4,72,17.2,0.3,51,06:24,21:11
2022-05-06,15.0,68,12.7,0.0,3,06:22,21:13
2022-05-07,15.0,69,13.0,0.9,51,06:21,21:14
2022-05-08,15.8,69,15.1,0.2,51,06:19,21:16
2022-05-09,17.2,63,9.2,0.0,3,06:18,21:17
2022-05-10,19.9,57,23.3,0.0,3,06:16,21:18
2022-05-11,18.5,65,28.8,0.0,3,06:15,21:20
2022-05-12,16.1,63,14.9,0.0,3,06:13,21:21
2022-05-13,14.9,62,13.4,0.0,3,06:12,21:23
2022-05-14,16.0,63,11.3,0.0,3,06:10,21:24
2022-05-15,20.5,53,19.6,0.5,51,06:09,21:25
2022-05-16,20.0,67,21.2,0.5,53,06:08,21:27
2022-05-17,22.1,56,14.8,0.9,53,06:06,21:28
2022-05-18,21.7,66,16.0,0.0,3,06:05,21:29
2022-05-19,21.6,68,16.1,0.6,51,06:04,21:31
2022-05-20,17.4,80,25.3,20.2,63,06:03,21:32
2022-05-21,16.8,69,15.8,0.0,3,06:02,21:33
2022-05-22,18.2,67,16.6,0.1,51,06:01,21:34
2022-05-23,16.7,83,20.7,9.0,61,05:59,21:35
2022-05-24,13.5,73,19.7,9.7,63,05:58,21:37
2022-05-25,14.5,67,22.0,0.0,3,05:57,21:38
2022-05-26,16.3,69,16.0,0.2,51,05:57,21:39
2022-05-27,15.7,70,17.0,0.9,51,05:56,21:40
2022-05-28,14.3,66,20.3,0.1,51,05:55,21:41
2022-05-29,11.8,59,17.0,0.2,51,05:54,21:42
2022-05-30,12.7,62,11.6,0.0,3,05:53,21:43
2022-05-31,15.1,56,17.3,0.1,51,05:52,21:44
2022-06-01,14.9,60,18.6,0.0,3,05:52,21:45
2022-06-02,17.1,54,16.8,0.0,3,05:51,21:46
2022-06-03,17.9,70,9.7,5.9,63,05:50,21:47
2022-06-04,19.9,78,18.0,3.4,63,05:50,21:48
2022-06-05,18.8,77,26.8,3.4,63,05:49,21:49
2022-06-06,16.4,70,17.9,0.4,51,05:49,21:50
2022-06-07,17.4,72,20.7,1.8,55,05:48,21:51
2022-06-08,16.6,76,22.1,23.5,63,05:48,21:51
2022-06-09,15.9,67,20.6,0.1,51,05:48,21:52
2022-06-10,18.0,72,16.4,0.0,3,05:47,21:53
2022-06-11,19.1,72,14.8,0.0,3,05:47,21:53
2022-06-12,17.5,65,16.0,0.0,3,05:47,21:54
2022-06-13,16.5,64,13.8,0.0,2,05:47,21:54
2022-06-14,18.6,61,12.1,0.0,3,05:46,21:55
2022-06-15,21.7,56,12.6,0.0,3,05:46,21:55
2022-06-16,22.2,53,12.1,0.0,3,05:46,21:56
2022-06-17,24.6,52,8.4,0.0,3,05:46,21:56
2022-06-18,28.0,48,15.4,0.0,3,05:46,21:57
2022-06-19,20.9,67,30.0,1.7,55,05:47,21:57
2022-06-20,17.9,78,17.8,20.4,65,05:47,21:57
2022-06-21,19.1,72,16.2,1.6,53,05:47,21:57
2022-06-22,19.4,75,18.1,0.2,51,05:47,21:58
2022-06-23,21.3,72,16.0,6.3,63,05:47,21:58
2022-06-24,19.8,72,24.5,4.0,61,05:48,21:58
2022-06-25,16.7,83,18.2,10.2,63,05:48,21:58
2022-06-26,16.3,76,14.0,0.6,51,05:49,21:58
2022-06-27,17.2,70,17.4,3.7,61,05:49,21:58
2022-06-28,18.4,66,11.6,0.0,3,05:49,21:58
2022-06-29,18.7,65,17.8,0.0,3,05:50,21:58
2022-06-30,15.3,80,10.5,10.6,61,05:50,21:57
2022-07-01,15.8,69,15.4,0.2,51,05:51,21:57
2022-07-02,18.0,64,11.3,0.0,2,05:52,21:57
2022-07-03,17.9,65,17.6,0.0,2,05:52,21:57
2022-07-04,18.0,65,14.8,0.0,3,05:53,21:56
2022-07-05,18.2,65,18.6,0.0,1,05:54,21:56
2022-07-06,18.7,61,20.5,0.0,3,05:55,21:55
2022-07-07,18.7,68,19.5,0.1,51,05:55,21:55
2022-07-08,18.4,59,14.2,0.0,0,05:56,21:54
2022-07-09,21.3,59,22.6,0.0,3,05:57,21:54
2022-07-10,19.8,58,19.9,0.0,3,05:58,21:53
2022-07-11,22.4,55,14.8,0.0,3,05:59,21:52
2022-07-12,24.5,52,10.3,0.0,3,06:00,21:51
2022-07-13,26.8,39,19.6,0.0,3,06:01,21:51
2022-07-14,24.3,50,20.9,0.0,3,06:02,21:50
2022-07-15,21.0,45,16.4,0.0,0,06:03,21:49
2022-07-16,21.7,46,15.0,0.0,3,06:04,21:48
2022-07-17,23.7,41,13.7,0.0,3,06:05,21:47
2022-07-18,27.5,35,10.5,0.0,3,06:06,21:46
2022-07-19,30.3,35,27.3,0.0,1,06:07,21:45
2022-07-20,21.5,76,17.4,12.7,63,06:09,21:44
2022-07-21,20.8,73,11.1,0.1,51,06:10,21:43
2022-07-22,20.3,81,12.8,7.4,63,06:11,21:42
2022-07-23,21.0,76,13.0,2.6,61,06:12,21:41
2022-07-24,23.5,63,11.9,0.0,3,06:13,21:40
2022-07-25,22.4,59,22.3,1.2,53,06:14,21:38
2022-07-26,19.0,65,14.3,0.3,51,06:16,21:37
2022-07-27,19.4,57,16.6,0.0,3,06:17,21:36
2022-07-28,20.4,47,13.6,0.2,51,06:18,21:35
2022-07-29,22.0,46,11.1,0.0,3,06:20,21:33
2022-07-30,23.6,51,20.1,0.0,3,06:21,21:32
2022-07-31,22.4,65,16.2,0.0,3,06:22,21:30
2022-08-01,21.7,68,11.4,0.2,51,06:24,21:29
2022-08-02,23.1,59,12.5,0.0,3,06:25,21:27
2022-08-03,26.5,54,9.1,0.0,3,06:26,21:26
2022-08-04,23.7,64,18.6,1.9,53,06:28,21:24
2022-08-05,20.5,66,22.7,3.2,63,06:29,21:23
2022-08-06,18.5,44,20.9,0.0,0,06:30,21:21
2022-08-07,20.1,45,19.8,0.0,2,06:32,21:20
2022-08-08,21.4,46,20.0,0.0,0,06:33,21:18
2022-08-09,23.3,47,18.7,0.0,0,06:35,21:16
2022-08-10,25.5,39,18.7,0.0,1,06:36,21:15
2022-08-11,25.4,35,20.0,0.0,0,06:37,21:13
2022-08-12,25.4,36,17.4,0.0,0,06:39,21:11
2022-08-13,25.2,34,15.7,0.0,3,06:40,21:09
2022-08-14,21.6,55,15.5,3.4,63,06:41,21:08
2022-08-15,20.6,73,14.3,2.7,53,06:43,21:06
2022-08-16,20.5,77,11.1,17.2,63,06:44,21:04
2022-08-17,20.4,78,12.8,5.9,63,06:46,21:02
2022-08-18,20.7,74,15.9,5.8,61,06:47,21:00
2022-08-19,20.0,78,16.9,4.7,61,06:49,20:58
2022-08-20,18.6,69,13.4,0.0,3,06:50,20:57
2022-08-21,19.7,65,14.0,0.0,3,06:51,20:55
2022-08-22,21.1,65,10.7,0.0,3,06:53,20:53
2022-08-23,22.9,67,8.7,0.2,51,06:54,20:51
2022-08-24,24.3,60,10.2,0.0,3,06:56,20:49
2022-08-25,23.5,56,22.6,0.2,51,06:57,20:47
2022-08-26,21.3,66,18.7,0.6,51,06:58,20:45
2022-08-27,20.0,59,16.3,0.0,3,07:00,20:43
2022-08-28,20.1,60,18.2,0.0,3,07:01,20:41
2022-08-29,22.2,48,19.5,0.0,3,07:03,20:39
2022-08-30,20.9,56,17.7,1.5,53,07:04,20:37
2022-08-31,21.3,55,13.9,0.0,3,07:06,20:35
2022-09-01,22.0,60,13.0,0.0,3,07:07,20:33
2022-09-02,19.9,71,14.3,3.2,53,07:08,20:31
2022-09-03,19.1,79,17.7,3.1,61,07:10,20:29
2022-09-04,21.5,56,13.0,0.0,3,07:11,20:27
2022-09-05,21.9,56,14.5,0.3,51,07:13,20:25
2022-09-06,20.6,72,18.5,8.2,63,07:14,20:23
2022-09-07,18.1,85,20.5,6.1,61,07:15,20:20
2022-09-08,17.6,77,27.5,1.3,53,07:17,20:18
2022-09-09,17.0,75,28.0,6.7,63,07:18,20:16
2022-09-10,16.3,82,22.4,2.1,53,07:20,20:14
2022-09-11,16.3,81,9.0,0.0,3,07:21,20:12
2022-09-12,19.1,72,11.3,0.0,3,07:22,20:10
2022-09-13,20.5,74,19.3,1.8,61,07:24,20:08
2022-09-14,20.9,82,22.7,6.7,61,07:25,20:06
2022-09-15,18.4,74,20.6,0.9,53,07:27,20:03
2022-09-16,14.6,67,18.7,0.5,51,07:28,20:01
2022-09-17,11.8,63,19.6,0.0,3,07:30,19:59
2022-09-18,12.6,65,21.5,0.0,3,07:31,19:57
2022-09-19,12.9,67,16.2,0.0,3,07:32,19:55
2022-09-20,12.3,70,10.2,0.0,3,07:34,19:53
2022-09-21,12.8,72,13.0,0.0,3,07:35,19:51
2022-09-22,12.8,69,10.3,0.0,3,07:37,19:49
2022-09-23,14.3,66,9.8,0.0,3,07:38,19:47
2022-09-24,14.1,84,11.2,3.0,61,07:40,19:44
2022-09-25,13.8,74,16.8,0.0,3,07:41,19:42
2022-09-26,12.4,75,28.3,5.9,63,07:42,19:40
2022-09-27,11.5,82,24.6,4.8,61,07:44,19:38
2022-09-28,11.9,80,16.8,2.4,53,07:45,19:36
2022-09-29,10.9,81,10.2,0.9,51,07:47,19:34
2022-09-30,11.6,73,22.7,0.5,53,07:48,19:32
2022-10-01,16.1,74,31.5,7.0,63,07:50,19:29
2022-10-02,15.5,87,29.0,12.4,63,07:51,19:27
2022-10-03,12.0,86,10.6,0.0,3,07:53,19:25
2022-10-04,12.6,84,11.7,0.0,3,07:54,19:23
2022-10-05,16.0,78,29.8,0.0,3,07:56,19:21
2022-10-06,14.1,70,16.9,0.0,3,07:57,19:19
2022-10-07,11.9,75,9.7,0.0,2,07:58,19:17
2022-10-08,12.6,76,14.7,0.0,3,08:00,19:15
2022-10-09,10.9,79,12.8,0.0,1,08:01,19:13
2022-10-10,14.0,84,16.9,2.5,61,08:03,19:11
2022-10-11,12.4,75,15.8,0.0,3,08:04,19:09
2022-10-12,11.8,82,8.5,0.0,3,08:06,19:07
2022-10-13,13.8,85,15.6,10.1,63,08:07,19:05
2022-10-14,15.1,93,18.1,5.2,55,08:09,19:03
2022-10-15,16.1,83,22.9,2.6,53,08:10,19:01
2022-10-16,16.4,86,14.4,0.5,51,08:12,18:59
2022-10-17,17.1,88,20.8,13.7,63,08:14,18:57
2022-10-18,16.8,91,13.5,1.4,51,08:15,18:55
2022-10-19,17.2,86,20.1,0.1,51,08:17,18:53
2022-10-20,17.4,83,22.4,4.5,61,08:18,18:51
2022-10-21,16.5,83,21.8,12.6,63,08:20,18:50
2022-10-22,16.1,80,18.1,0.0,3,08:21,18:48
2022-10-23,17.6,74,36.1,1.2,53,08:23,18:46
2022-10-24,16.4,70,31.2,0.7,51,08:24,18:44
2022-10-25,14.9,84,18.6,0.1,51,08:26,18:42
2022-10-26,17.1,80,18.7,2.2,61,08:28,18:40
2022-10-27,17.2,79,17.0,0.0,3,08:29,18:39
2022-10-28,18.7,73,18.7,0.0,3,08:31,18:37
2022-10-29,18.7,74,17.1,0.0,3,08:32,18:35
2022-10-30,14.6,84,17.5,0.3,51,08:34,18:34
2022-10-31,15.0,86,24.9,6.1,63,08:35,18:32
2022-11-01,14.2,73,30.3,0.6,51,08:37,18:30
2022-11-02,12.5,77,24.8,0.0,3,08:39,18:29
2022-11-03,12.0,83,28.2,6.7,63,08:40,18:27
2022-11-04,9.6,84,22.8,6.0,61,08:42,18:26
2022-11-05,8.6,84,18.2,0.2,51,08:43,18:24
2022-11-06,10.3,83,24.8,15.1,65,08:45,18:23
2022-11-07,13.0,83,30.4,0.0,3,08:46,18:21
2022-11-08,13.3,76,27.9,1.7,55,08:48,18:20
2022-11-09,12.5,83,23.3,1.2,55,08:50,18:18
2022-11-10,9.7,89,15.2,0.0,3,08:51,18:17
2022-11-11,8.7,92,15.4,0.0,3,08:53,18:15
2022-11-12,10.2,94,9.6,0.0,3,08:54,18:14
2022-11-13,9.0,96,9.0,0.0,3,08:56,18:13
2022-11-14,9.6,93,16.8,0.0,3,08:58,18:11
2022-11-15,10.8,90,22.9,6.5,63,08:59,18:10
2022-11-16,10.7,87,35.5,6.2,61,09:01,18:09
2022-11-17,11.7,76,38.7,1.3,53,09:02,18:08
2022-11-18,8.6,86,21.6,0.5,51,09:04,18:07
2022-11-19,6.9,87,16.3,0.4,51,09:05,18:06
2022-11-20,6.7,85,24.6,1.8,55,09:07,18:05
2022-11-21,7.2,91,25.2,6.4,63,09:08,18:04
2022-11-22,7.5,80,29.4,3.8,61,09:10,18:03
2022-11-23,7.9,85,24.9,2.8,61,09:11,18:02
2022-11-24,9.8,81,25.0,0.3,51,09:12,18:01
2022-11-25,9.1,88,24.0,3.9,63,09:14,18:00
2022-11-26,6.1,94,17.7,0.0,3,09:15,18:00
2022-11-27,7.5,87,18.7,6.8,61,09:17,17:59
2022-11-28,8.5,91,17.1,5.5,61,09:18,17:58
2022-11-29,6.3,95,8.8,1.6,53,09:19,17:58
2022-11-30,6.2,90,16.1,0.0,3,09:21,17:57
2022-12-01,5.1,88,16.5,0.0,3,09:22,17:56
2022-12-02,4.4,85,18.8,1.5,51,09:23,17:56
2022-12-03,3.2,85,21.1,0.1,51,09:25,17:55
2022-12-04,2.6,84,14.7,1.4,73,09:26,17:55
2022-12-05,2.2,90,10.5,2.4,73,09:27,17:55
2022-12-06,2.6,93,9.7,0.0,3,09:28,17:54
2022-12-07,1.6,96,6.8,0.0,3,09:29,17:54
2022-12-08,2.2,93,6.6,0.0,3,09:30,17:54
2022-12-09,1.2,91,12.1,0.0,3,09:31,17:54
2022-12-10,1.0,90,11.5,0.0,3,09:32,17:54
2022-12-11,-1.9,88,11.9,0.0,3,09:33,17:54
2022-12-12,-2.3,86,13.8,0.3,71,09:34,17:54
2022-12-13,-1.9,68,13.4,0.0,3,09:35,17:54
2022-12-14,-1.0,80,10.9,3.6,73,09:36,17:54
2022-12-15,-1.8,76,19.4,0.0,3,09:37,17:54
2022-12-16,-1.7,89,14.0,0.0,1,09:38,17:54
2022-12-17,-2.6,90,11.2,0.0,3,09:38,17:54
2022-12-18,-1.3,83,21.2,3.6,53,09:39,17:55
2022-12-19,7.6,84,25.1,6.5,63,09:40,17:55
2022-12-20,11.2,84,25.5,23.4,63,09:40,17:56
2022-12-21,10.1,94,25.6,15.5,63,09:41,17:56
2022-12-22,12.2,87,35.1,9.3,61,09:41,17:57
2022-12-23,12.9,89,30.8,6.8,61,09:42,17:57
2022-12-24,10.7,90,18.9,1.4,53,09:42,17:58
2022-12-25,11.1,92,21.4,2.7,55,09:43,17:58
2022-12-26,9.5,88,22.4,1.1,51,09:43,17:59
2022-12-27,5.7,90,19.6,0.0,3,09:43,18:00
2022-12-28,9.9,85,33.7,4.0,61,09:43,18:01
2022-12-29,9.9,83,31.9,1.1,51,09:43,18:01
2022-12-30,9.7,90,37.5,7.4,61,09:44,18:02
2022-12-31,15.1,71,36.6,0.0,3,09:44,18:03
2023-01-01,13.3,71,30.5,2.0,53,09:44,18:04
2023-01-02,10.5,87,29.2,7.4,63,09:44,18:05
2023-01-03,7.5,91,26.3,1.0,53,09:43,18:06
2023-01-04,11.5,89,28.9,3.4,53,09:43,18:07
2023-01-05,12.5,86,24.5,0.4,51,09:43,18:08
2023-01-06,11.1,84,25.0,0.0,3,09:43,18:09
2023-01-07,9.0,84,29.6,1.2,53,09:43,18:11
2023-01-08,9.2,86,25.6,4.4,61,09:42,18:12
2023-01-09,6.8,78,32.2,0.8,51,09:42,18:13
2023-01-10,6.8,87,28.3,3.0,53,09:41,18:14
2023-01-11,10.6,83,27.7,9.1,63,09:41,18:16
2023-01-12,10.8,77,31.8,0.6,51,09:40,18:17
2023-01-13,9.3,79,32.6,2.1,55,09:40,18:18
2023-01-14,10.4,88,35.3,8.5,63,09:39,18:20
2023-01-15,6.9,77,36.3,3.3,55,09:39,18:21
2023-01-16,5.0,86,43.2,9.2,63,09:38,18:23
2023-01-17,1.4,93,13.5,3.7,53,09:37,18:24
2023-01-18,1.1,83,17.1,0.1,71,09:36,18:25
2023-01-19,0.7,91,12.0,4.1,75,09:35,18:27
2023-01-20,1.5,87,21.1,0.2,51,09:35,18:28
2023-01-21,0.9,84,23.4,0.1,51,09:34,18:30
2023-01-22,0.2,79,22.2,0.0,3,09:33,18:31
2023-01-23,1.4,81,22.6,0.0,3,09:32,18:33
2023-01-24,1.1,86,19.7,0.0,3,09:31,18:34
2023-01-25,1.3,85,13.2,0.0,3,09:29,18:36
2023-01-26,1.8,89,17.7,0.6,51,09:28,18:38
2023-01-27,3.8,87,22.4,0.3,51,09:27,18:39
2023-01-28,2.2,79,20.2,0.0,3,09:26,18:41
2023-01-29,1.3,80,13.3,0.0,3,09:25,18:43
2023-01-30,5.3,85,20.2,0.0,3,09:23,18:44
2023-01-31,4.0,88,20.5,0.0,3,09:22,18:46
2023-02-01,7.4,76,24.8,0.0,3,09:21,18:47
2023-02-02,7.2,80,24.4,0.0,3,09:19,18:49
2023-02-03,8.2,80,21.1,0.0,3,09:18,18:51
2023-02-04,8.7,87,14.0,0.5,51,09:17,18:52
2023-02-05,6.6,79,23.1,0.1,51,09:15,18:54
2023-02-06,3.0,83,15.7,0.0,1,09:14,18:56
2023-02-07,1.7,81,14.8,0.0,2,09:12,18:57
2023-02-08,-0.4,77,9.8,0.0,3,09:11,18:59
2023-02-09,0.1,76,9.8,0.0,3,09:09,19:01
2023-02-10,4.6,85,11.0,0.0,3,09:07,19:02
2023-02-11,4.5,92,7.4,0.0,3,09:06,19:04
2023-02-12,7.1,86,15.3,0.0,3,09:04,19:06
2023-02-13,4.1,90,9.4,0.0,3,09:02,19:07
2023-02-14,3.8,91,10.4,0.0,3,09:01,19:09
2023-02-15,4.8,84,12.4,0.0,3,08:59,19:11
2023-02-16,7.5,83,17.7,1.3,53,08:57,19:12
2023-02-17,11.9,87,23.7,0.3,51,08:55,19:14
2023-02-18,10.7,78,23.9,0.1,51,08:54,19:15
2023-02-19,9.6,79,19.2,0.0,3,08:52,19:17
2023-02-20,5.7,90,10.3,0.0,3,08:50,19:19
2023-02-21,6.2,88,8.6,0.0,3,08:48,19:20
2023-02-22,8.3,92,15.7,5.5,63,08:46,19:22
2023-02-23,7.4,88,15.8,0.1,51,08:44,19:24
2023-02-24,6.5,82,17.0,0.0,3,08:43,19:25
2023-02-25,5.1,75,22.9,0.0,3,08:41,19:27
2023-02-26,1.9,58,31.9,0.0,3,08:39,19:28
2023-02-27,1.9,56,26.2,0.0,0,08:37,19:30
2023-02-28,1.3,63,21.0,0.0,3,08:35,19:32
2023-03-01,1.6,65,19.5,0.0,3,08:33,19:33
2023-03-02,2.6,75,14.1,0.0,2,08:31,19:35
2023-03-03,3.3,80,16.7,0.0,2,08:29,19:36
2023-03-04,2.8,80,19.2,0.0,3,08:27,19:38
2023-03-05,4.8,81,8.0,0.3,51,08:25,19:39
2023-03-06,4.7,74,17.3,0.6,51,08:23,19:41
2023-03-07,5.8,70,23.8,0.3,51,08:21,19:43
2023-03-08,9.7,86,32.9,18.0,61,08:19,19:44
2023-03-09,11.2,81,31.7,6.2,63,08:17,19:46
2023-03-10,7.9,78,42.6,1.9,55,08:15,19:47
2023-03-11,4.5,82,13.9,3.6,73,08:13,19:49
2023-03-12,10.5,81,24.1,4.1,61,08:11,19:50
2023-03-13,13.0,82,31.6,2.1,55,08:09,19:52
2023-03-14,8.4,77,36.8,5.4,61,08:06,19:53
2023-03-15,6.2,75,11.6,0.4,51,08:04,19:55
2023-03-16,9.7,65,18.5,0.0,3,08:02,19:57
2023-03-17,11.3,77,25.3,7.7,63,08:00,19:58
2023-03-18,11.1,84,23.3,5.1,61,07:58,20:00
2023-03-19,8.9,84,18.8,2.0,53,07:56,20:01
2023-03-20,7.8,78,11.8,0.0,3,07:54,20:03
2023-03-21,10.9,80,21.6,1.2,53,07:52,20:04
2023-03-22,10.6,84,31.9,8.1,61,07:50,20:06
2023-03-23,12.9,76,29.5,1.3,53,07:48,20:07
2023-03-24,12.3,74,36.6,1.8,53,07:46,20:09
2023-03-25,10.4,70,35.4,0.2,51,07:44,20:10
2023-03-26,9.3,78,35.5,7.0,55,07:42,20:12
2023-03-27,6.7,65,21.0,0.1,51,07:39,20:13
2023-03-28,6.8,66,19.7,0.6,51,07:37,20:15
2023-03-29,13.6,68,22.2,0.5,53,07:35,20:16
2023-03-30,13.8,73,28.4,3.1,53,07:33,20:18
2023-03-31,11.7,75,38.1,3.7,61,07:31,20:19
2023-04-01,10.3,78,33.2,2.6,53,07:29,20:21
2023-04-02,8.3,82,24.7,0.6,51,07:27,20:22
2023-04-03,7.5,66,20.5,0.0,3,07:25,20:24
2023-04-04,5.4,63,16.4,0.0,3,07:23,20:25
2023-04-05,6.5,70,8.1,0.0,3,07:20,20:27
2023-04-06,9.6,75,24.2,1.4,51,07:18,20:28
2023-04-07,9.0,76,14.4,0.4,51,07:16,20:30
2023-04-08,8.2,78,13.0,0.0,3,07:14,20:31
2023-04-09,9.7,75,11.5,0.0,3,07:12,20:33
2023-04-10,11.4,78,30.6,5.3,63,07:10,20:34
2023-04-11,10.2,78,22.5,5.8,55,07:08,20:36
2023-04-12,10.2,74,31.4,9.4,61,07:06,20:37
2023-04-13,8.0,74,30.2,5.1,71,07:04,20:39
2023-04-14,6.6,90,25.4,6.3,73,07:02,20:40
2023-04-15,8.9,86,25.1,11.5,63,07:00,20:42
2023-04-16,8.6,72,22.4,0.0,3,06:58,20:43
2023-04-17,8.2,80,21.4,0.1,51,06:56,20:45
2023-04-18,10.5,75,22.4,2.7,61,06:54,20:46
2023-04-19,12.2,74,21.6,0.0,3,06:53,20:48
2023-04-20,9.1,60,22.9,0.2,51,06:51,20:49
2023-04-21,7.3,76,8.7,0.5,53,06:49,20:51
2023-04-22,10.8,77,21.4,7.1,63,06:47,20:52
2023-04-23,11.1,82,39.0,6.0,61,06:45,20:53
2023-04-24,10.0,76,22.4,5.2,63,06:43,20:55
2023-04-25,8.4,78,17.3,0.9,51,06:41,20:56
2023-04-26,8.0,77,8.7,1.3,53,06:39,20:58
2023-04-27,12.5,79,13.1,1.2,53,06:38,20:59
2023-04-28,16.3,81,18.4,5.8,61,06:36,21:01
2023-04-29,12.2,82,14.1,0.2,51,06:34,21:02
2023-04-30,12.5,73,13.4,0.0,3,06:32,21:04
2023-05-01,12.3,80,19.0,3.7,61,06:31,21:05
2023-05-02,12.4,80,14.7,0.4,51,06:29,21:07
2023-05-03,13.0,71,18.1,0.0,3,06:27,21:08
2023-05-04,16.3,70,19.8,1.2,55,06:26,21:10
2023-05-05,14.8,81,19.9,4.2,61,06:24,21:11
2023-05-06,15.5,83,12.6,4.5,61,06:23,21:12
2023-05-07,15.2,90,16.6,18.0,63,06:21,21:14
2023-05-08,14.4,83,11.5,0.0,3,06:19,21:15
2023-05-09,13.9,88,22.6,17.0,61,06:18,21:17
2023-05-10,12.2,83,21.7,6.4,63,06:16,21:18
2023-05-11,12.0,82,13.8,6.1,63,06:15,21:20
2023-05-12,11.6,84,19.6,1.0,51,06:13,21:21
2023-05-13,14.4,82,21.3,12.2,63,06:12,21:22
2023-05-14,13.4,80,14.4,0.0,3,06:11,21:24
2023-05-15,11.4,88,19.9,4.8,61,06:09,21:25
2023-05-16,10.6,71,24.1,0.0,3,06:08,21:26
2023-05-17,11.3,73,22.9,0.1,51,06:07,21:28
2023-05-18,11.8,67,19.2,0.0,3,06:05,21:29
2023-05-19,13.3,65,19.4,0.0,3,06:04,21:30
2023-05-20,15.6,64,20.7,0.2,51,06:03,21:31
2023-05-21,16.6,71,20.4,0.0,3,06:02,21:33
2023-05-22,16.0,75,19.1,0.0,3,06:01,21:34
2023-05-23,14.6,74,22.6,0.1,51,06:00,21:35
2023-05-24,13.0,64,23.1,0.0,3,05:59,21:36
2023-05-25,15.1,67,23.9,0.0,3,05:58,21:38
2023-05-26,15.7,69,20.5,0.0,0,05:57,21:39
2023-05-27,17.3,64,16.3,0.0,3,05:56,21:40
2023-05-28,18.9,61,21.7,0.0,3,05:55,21:41
2023-05-29,18.0,63,26.6,0.0,3,05:54,21:42
2023-05-30,16.5,55,24.5,0.0,3,05:53,21:43
2023-05-31,18.7,59,23.0,0.0,3,05:53,21:44
2023-06-01,20.0,59,21.6,0.0,3,05:52,21:45
2023-06-02,15.1,64,21.9,0.0,0,05:51,21:46
2023-06-03,17.5,58,19.4,0.0,1,05:51,21:47
2023-06-04,19.4,47,20.2,0.0,0,05:50,21:48
2023-06-05,19.6,50,20.1,0.0,1,05:49,21:49
2023-06-06,19.1,58,17.7,0.0,3,05:49,21:50
2023-06-07,20.9,56,18.7,0.2,51,05:48,21:50
2023-06-08,21.1,58,17.5,0.0,0,05:48,21:51
2023-06-09,23.1,54,19.3,0.0,3,05:48,21:52
2023-06-10,22.7,67,14.3,0.5,51,05:47,21:52
2023-06-11,21.1,82,15.4,25.5,65,05:47,21:53
2023-06-12,21.0,77,16.8,1.0,53,05:47,21:54
2023-06-13,22.3,60,19.6,0.0,2,05:47,21:54
2023-06-14,21.9,50,13.4,0.0,1,05:47,21:55
2023-06-15,21.7,52,11.2,0.0,3,05:46,21:55
2023-06-16,22.3,49,11.8,0.0,3,05:46,21:56
2023-06-17,23.4,52,14.5,0.6,51,05:46,21:56
2023-06-18,23.2,71,21.8,2.8,55,05:46,21:57
2023-06-19,20.2,78,12.3,1.0,53,05:47,21:57
2023-06-20,21.3,81,22.2,1.7,51,05:47,21:57
2023-06-21,21.4,76,12.3,3.8,61,05:47,21:57
2023-06-22,19.6,79,21.9,19.4,63,05:47,21:58
2023-06-23,20.4,71,14.8,0.2,51,05:47,21:58
2023-06-24,21.7,65,10.5,0.0,1,05:48,21:58
2023-06-25,24.1,61,22.7,0.0,0,05:48,21:58
2023-06-26,19.6,59,19.3,0.0,3,05:48,21:58
2023-06-27,19.3,58,16.4,0.0,3,05:49,21:58
2023-06-28,20.5,63,11.0,0.8,53,05:49,21:58
2023-06-29,21.4,70,20.1,0.8,51,05:50,21:58
2023-06-30,19.6,59,23.6,0.4,51,05:50,21:57
2023-07-01,19.6,69,26.8,2.6,53,05:51,21:57
2023-07-02,18.9,56,20.6,0.0,3,05:51,21:57
2023-07-03,19.4,56,21.3,0.8,53,05:52,21:57
2023-07-04,17.8,71,24.5,4.0,61,05:53,21:56
2023-07-05,17.0,65,26.5,0.8,51,05:54,21:56
2023-07-06,18.9,60,11.5,0.1,51,05:54,21:55
2023-07-07,22.8,53,20.5,0.0,3,05:55,21:55
2023-07-08,26.2,52,14.9,0.4,51,05:56,21:54
2023-07-09,23.3,70,17.6,7.9,63,05:57,21:54
2023-07-10,23.0,59,13.5,0.0,2,05:58,21:53
2023-07-11,24.6,52,18.9,0.1,51,05:59,21:52
2023-07-12,21.0,58,17.3,3.6,63,06:00,21:52
2023-07-13,20.2,54,19.9,0.2,51,06:01,21:51
2023-07-14,22.7,52,25.7,0.4,51,06:02,21:50
2023-07-15,22.8,56,30.8,1.5,53,06:03,21:49
2023-07-16,20.2,51,26.4,0.0,3,06:04,21:48
2023-07-17,19.7,55,19.9,0.0,3,06:05,21:48
2023-07-18,21.5,54,13.5,0.0,3,06:06,21:47
2023-07-19,20.7,55,21.1,0.0,3,06:07,21:46
2023-07-20,19.8,60,14.5,0.0,3,06:08,21:45
2023-07-21,19.2,56,19.2,2.0,53,06:09,21:43
2023-07-22,19.6,51,23.3,0.0,3,06:11,21:42
2023-07-23,19.8,67,31.6,6.8,63,06:12,21:41
2023-07-24,19.3,75,26.0,14.1,63,06:13,21:40
2023-07-25,16.8,76,17.3,15.6,63,06:14,21:39
2023-07-26,17.5,66,17.4,0.2,51,06:15,21:37
2023-07-27,19.2,80,28.2,17.1,63,06:17,21:36
2023-07-28,20.0,87,17.3,7.9,61,06:18,21:35
2023-07-29,19.7,81,19.4,5.9,63,06:19,21:33
2023-07-30,18.6,68,22.3,0.1,51,06:21,21:32
2023-07-31,19.1,75,31.1,8.0,61,06:22,21:31
2023-08-01,18.5,76,30.1,2.4,53,06:23,21:29
2023-08-02,19.4,76,44.3,23.4,63,06:25,21:28
2023-08-03,16.9,81,32.2,5.5,61,06:26,21:26
2023-08-04,17.1,81,15.1,3.4,61,06:27,21:25
2023-08-05,15.8,80,30.7,6.4,61,06:29,21:23
2023-08-06,15.9,69,30.2,1.6,53,06:30,21:22
2023-08-07,16.5,73,16.1,0.3,51,06:31,21:20
2023-08-08,18.4,69,16.7,0.6,53,06:33,21:18
2023-08-09,19.2,74,15.4,0.0,3,06:34,21:17
2023-08-10,20.0,75,12.8,0.0,3,06:36,21:15
2023-08-11,21.5,78,14.9,3.3,61,06:37,21:13
2023-08-12,21.2,78,19.7,4.5,61,06:38,21:12
2023-08-13,19.3,71,16.4,0.0,3,06:40,21:10
2023-08-14,20.3,74,18.9,2.1,61,06:41,21:08
2023-08-15,20.2,78,11.9,0.7,51,06:43,21:06
2023-08-16,20.5,73,12.1,0.1,51,06:44,21:04
2023-08-17,21.9,77,13.4,0.8,53,06:45,21:03
2023-08-18,23.6,81,12.0,0.3,51,06:47,21:01
2023-08-19,23.6,74,14.5,7.0,63,06:48,20:59
2023-08-20,22.9,76,15.0,0.4,51,06:50,20:57
2023-08-21,21.5,68,11.7,0.0,3,06:51,20:55
2023-08-22,22.8,67,12.4,0.0,2,06:52,20:53
2023-08-23,24.0,66,12.4,0.0,3,06:54,20:51
2023-08-24,22.5,84,20.5,18.1,63,06:55,20:49
2023-08-25,20.2,81,17.9,23.2,65,06:57,20:47
2023-08-26,17.4,69,21.7,0.8,51,06:58,20:45
2023-08-27,16.1,75,19.9,1.1,51,07:00,20:43
2023-08-28,16.3,77,12.0,1.7,53,07:01,20:41
2023-08-29,15.9,77,12.2,1.0,51,07:02,20:39
2023-08-30,16.2,69,20.5,2.6,61,07:04,20:37
2023-08-31,15.5,82,21.7,16.2,63,07:05,20:35
2023-09-01,19.0,84,21.6,3.2,61,07:07,20:33
2023-09-02,21.1,78,15.5,1.6,53,07:08,20:31
2023-09-03,22.9,73,15.4,0.0,3,07:09,20:29
2023-09-04,22.6,70,18.7,0.0,3,07:11,20:27
2023-09-05,24.7,60,10.5,0.0,3,07:12,20:25
2023-09-06,24.4,68,11.0,0.0,3,07:14,20:23
2023-09-07,22.7,68,10.5,0.0,0,07:15,20:21
2023-09-08,25.5,58,9.7,0.0,2,07:16,20:19
2023-09-09,25.8,58,12.3,0.0,1,07:18,20:17
2023-09-10,26.3,50,12.1,0.0,3,07:19,20:14
2023-09-11,22.4,74,13.4,0.9,53,07:21,20:12
2023-09-12,18.7,93,9.7,20.8,63,07:22,20:10
2023-09-13,18.6,84,10.2,1.2,51,07:24,20:08
2023-09-14,18.6,79,8.0,0.1,51,07:25,20:06
2023-09-15,19.2,73,9.6,0.0,2,07:26,20:04
2023-09-16,19.1,80,10.0,0.0,3,07:28,20:02
2023-09-17,19.9,87,16.8,6.2,63,07:29,20:00
2023-09-18,18.8,83,22.8,10.1,63,07:31,19:58
2023-09-19,16.9,73,26.6,0.0,3,07:32,19:56
2023-09-20,19.8,72,30.2,0.0,3,07:33,19:53
2023-09-21,17.1,82,24.8,18.1,63,07:35,19:51
2023-09-22,13.2,80,27.4,8.3,63,07:36,19:49
2023-09-23,13.3,78,13.4,0.2,51,07:38,19:47
2023-09-24,13.5,75,15.4,0.0,1,07:39,19:45
2023-09-25,15.9,77,9.8,0.0,3,07:41,19:43
2023-09-26,17.5,77,8.9,0.0,3,07:42,19:41
2023-09-27,18.6,77,17.4,0.0,3,07:43,19:38
2023-09-28,18.8,75,17.2,0.0,3,07:45,19:36
2023-09-29,18.7,73,25.6,0.1,51,07:46,19:34
2023-09-30,15.1,83,8.8,0.0,3,07:48,19:32
2023-10-01,17.8,79,11.8,0.0,3,07:49,19:30
2023-10-02,19.3,75,17.4,0.0,3,07:51,19:28
2023-10-03,18.0,73,25.6,6.6,63,07:52,19:26
2023-10-04,13.7,77,9.8,0.0,3,07:54,19:24
2023-10-05,13.6,79,7.8,0.0,3,07:55,19:22
2023-10-06,13.9,76,8.5,0.0,3,07:57,19:20
2023-10-07,15.7,77,8.8,0.0,0,07:58,19:18
2023-10-08,17.3,71,11.4,0.0,3,08:00,19:16
2023-10-09,16.7,69,10.0,0.0,3,08:01,19:14
2023-10-10,17.8,65,12.4,0.0,3,08:03,19:12
2023-10-11,18.5,60,18.0,0.0,3,08:04,19:10
2023-10-12,19.0,72,20.8,5.0,63,08:06,19:08
2023-10-13,20.6,69,31.6,0.0,3,08:07,19:05
2023-10-14,13.8,74,31.9,1.1,53,08:09,19:03
2023-10-15,10.1,71,11.9,0.1,51,08:10,19:01
2023-10-16,8.2,70,21.1,0.0,3,08:12,19:00
2023-10-17,10.5,70,13.8,0.0,3,08:13,18:58
2023-10-18,15.2,85,27.4,7.8,61,08:15,18:56
2023-10-19,16.9,85,26.6,5.8,63,08:16,18:54
2023-10-20,14.8,90,17.5,12.4,63,08:18,18:52
2023-10-21,12.9,81,41.4,7.0,61,08:19,18:50
2023-10-22,12.7,81,26.7,2.7,55,08:21,18:48
2023-10-23,10.1,91,16.2,5.7,63,08:22,18:46
2023-10-24,12.5,83,17.6,2.1,53,08:24,18:44
2023-10-25,12.8,86,27.3,12.6,63,08:26,18:43
2023-10-26,13.1,89,19.1,15.0,63,08:27,18:41
2023-10-27,12.1,87,25.7,5.4,55,08:29,18:39
2023-10-28,12.3,86,34.3,8.6,63,08:30,18:37
2023-10-29,13.5,79,36.8,2.5,55,08:32,18:36
2023-10-30,11.6,91,17.3,8.6,63,08:33,18:34
2023-10-31,11.2,85,22.2,0.3,51,08:35,18:32
2023-11-01,12.1,84,27.0,2.2,55,08:37,18:31
2023-11-02,11.7,70,47.3,3.5,55,08:38,18:29
2023-11-03,8.0,82,24.0,0.3,51,08:40,18:27
2023-11-04,10.2,84,34.7,12.3,63,08:41,18:26
2023-11-05,11.3,76,34.6,1.8,53,08:43,18:24
2023-11-06,9.9,80,28.6,1.1,53,08:45,18:23
2023-11-07,9.1,82,23.2,0.9,51,08:46,18:21
2023-11-08,9.1,86,32.1,4.0,63,08:48,18:20
2023-11-09,10.2,85,28.7,9.3,61,08:49,18:18
2023-11-10,8.4,82,35.3,0.4,51,08:51,18:17
2023-11-11,7.5,87,18.0,0.5,51,08:53,18:16
2023-11-12,9.2,90,22.3,10.0,61,08:54,18:14
2023-11-13,14.3,88,31.7,8.3,61,08:56,18:13
2023-11-14,11.7,83,29.4,2.0,53,08:57,18:12
2023-11-15,10.3,85,24.8,1.4,55,08:59,18:11
2023-11-16,8.6,94,26.6,15.2,63,09:00,18:09
2023-11-17,8.0,87,19.1,1.4,55,09:02,18:08
2023-11-18,10.4,92,24.7,13.7,61,09:03,18:07
2023-11-19,13.4,83,26.3,1.6,61,09:05,18:06
2023-11-20,10.7,82,33.8,7.8,63,09:06,18:05
2023-11-21,9.6,92,18.8,0.6,51,09:08,18:04
2023-11-22,7.0,84,16.7,0.0,3,09:09,18:03
2023-11-23,10.2,86,19.2,0.0,3,09:11,18:02
2023-11-24,9.1,77,25.7,0.5,51,09:12,18:01
2023-11-25,4.2,78,21.1,0.0,3,09:14,18:01
2023-11-26,3.2,84,14.1,0.0,3,09:15,18:00
2023-11-27,6.2,87,23.2,6.2,53,09:17,17:59
2023-11-28,5.1,84,22.5,0.2,51,09:18,17:58
2023-11-29,3.9,89,13.3,0.0,3,09:19,17:58
2023-11-30,2.8,90,10.2,1.1,53,09:21,17:57
2023-12-01,2.1,87,15.5,0.0,3,09:22,17:56
2023-12-02,-0.8,80,16.2,0.0,3,09:23,17:56
2023-12-03,0.6,72,22.3,0.1,71,09:24,17:55
2023-12-04,5.6,76,29.5,14.1,75,09:25,17:55
2023-12-05,6.9,89,29.7,9.3,63,09:27,17:55
2023-12-06,4.8,91,13.7,0.1,51,09:28,17:54
2023-12-07,4.1,90,19.3,5.2,61,09:29,17:54
2023-12-08,7.0,94,14.1,5.8,63,09:30,17:54
2023-12-09,9.3,90,38.3,25.3,65,09:31,17:54
2023-12-10,10.0,83,33.0,1.8,53,09:32,17:54
2023-12-11,10.6,87,23.4,0.0,3,09:33,17:54
2023-12-12,10.5,91,24.2,6.4,63,09:34,17:54
2023-12-13,8.0,90,19.9,2.1,53,09:35,17:54
2023-12-14,7.3,83,23.2,0.3,51,09:36,17:54
2023-12-15,7.2,92,10.1,0.8,53,09:37,17:54
2023-12-16,5.0,87,8.8,0.0,3,09:37,17:54
2023-12-17,2.8,96,11.9,0.0,3,09:38,17:54
2023-12-18,1.9,93,13.6,0.0,3,09:39,17:55
2023-12-19,6.6,90,25.2,2.9,53,09:40,17:55
2023-12-20,7.7,87,22.6,0.3,51,09:40,17:55
2023-12-21,10.5,85,31.0,0.8,51,09:41,17:56
2023-12-22,10.0,79,30.8,1.1,51,09:41,17:56
2023-12-23,9.6,80,23.2,0.4,51,09:42,17:57
2023-12-24,10.0,81,25.8,0.2,51,09:42,17:57
2023-12-25,11.2,82,27.5,0.0,3,09:42,17:58
2023-12-26,10.5,84,23.0,0.4,51,09:43,17:59
2023-12-27,9.0,81,28.6,2.0,61,09:43,17:59
2023-12-28,10.2,87,29.1,0.2,51,09:43,18:00
2023-12-29,9.8,85,30.6,1.3,53,09:43,18:01
2023-12-30,9.3,89,25.3,0.1,51,09:43,18:02
2023-12-31,9.0,76,38.2,1.8,61,09:44,18:03
2024-01-01,7.6,79,30.5,2.1,55,09:44,18:04
2024-01-02,10.8,89,41.2,14.0,61,09:44,18:05
2024-01-03,9.8,84,32.8,2.1,55,09:43,18:06
2024-01-04,8.8,83,28.3,1.3,53,09:43,18:07
2024-01-05,6.9,84,25.2,0.0,3,09:43,18:08
2024-01-06,4.8,87,22.2,1.6,53,09:43,18:09
2024-01-07,3.0,84,20.9,0.1,51,09:43,18:10
2024-01-08,-1.8,71,22.2,0.3,71,09:42,18:12
2024-01-09,-2.1,68,16.1,1.4,73,09:42,18:13
2024-01-10,-2.3,74,11.3,0.0,3,09:42,18:14
2024-01-11,-1.5,72,15.7,0.0,3,09:41,18:15
2024-01-12,1.2,85,15.0,0.0,3,09:41,18:17
2024-01-13,-0.8,89,10.2,0.0,3,09:40,18:18
2024-01-14,-1.7,85,10.3,0.0,3,09:39,18:19
2024-01-15,1.1,77,17.4,0.4,71,09:39,18:21
2024-01-16,-1.4,77,11.5,0.0,3,09:38,18:22
2024-01-17,1.1,94,23.5,26.7,63,09:37,18:24
2024-01-18,-0.1,88,22.1,7.2,75,09:36,18:25
2024-01-19,-1.6,86,9.9,0.0,3,09:36,18:26
2024-01-20,-2.5,87,13.6,0.0,3,09:35,18:28
2024-01-21,3.6,77,33.7,0.1,51,09:34,18:30
2024-01-22,10.0,82,42.0,6.2,61,09:33,18:31
2024-01-23,8.8,86,27.7,0.5,51,09:32,18:33
2024-01-24,12.3,82,27.7,0.5,51,09:31,18:34
2024-01-25,10.9,90,17.1,1.1,53,09:30,18:36
2024-01-26,9.2,84,24.9,1.0,53,09:29,18:37
2024-01-27,2.5,86,8.1,0.0,3,09:27,18:39
2024-01-28,3.8,88,12.8,0.0,3,09:26,18:41
2024-01-29,8.1,87,13.7,0.0,3,09:25,18:42
2024-01-30,9.7,87,15.1,0.0,3,09:24,18:44
2024-01-31,6.8,85,14.3,0.0,3,09:22,18:45
2024-02-01,9.3,90,18.3,1.1,53,09:21,18:47
2024-02-02,6.1,94,14.2,0.0,3,09:20,18:49
2024-02-03,9.4,86,17.7,0.0,3,09:18,18:50
2024-02-04,9.7,81,20.3,0.0,3,09:17,18:52
2024-02-05,8.0,83,18.1,0.0,3,09:16,18:54
2024-02-06,9.6,80,29.6,0.0,3,09:14,18:55
2024-02-07,11.1,89,29.3,5.9,55,09:13,18:57
2024-02-08,11.9,89,30.4,7.4,61,09:11,18:59
2024-02-09,11.3,81,30.5,3.4,61,09:09,19:00
2024-02-10,7.8,93,24.6,7.4,61,09:08,19:02
2024-02-11,8.1,85,27.4,1.1,53,09:06,19:04
2024-02-12,6.2,87,13.2,0.8,51,09:04,19:05
2024-02-13,6.3,85,22.5,1.9,55,09:03,19:07
2024-02-14,11.3,89,22.2,0.5,51,09:01,19:09
2024-02-15,12.2,82,14.0,3.6,63,08:59,19:10
2024-02-16,12.0,85,25.7,4.4,61,08:58,19:12
2024-02-17,9.8,75,10.0,0.0,3,08:56,19:13
2024-02-18,8.8,86,23.4,6.2,61,08:54,19:15
2024-02-19,10.4,87,21.3,0.6,51,08:52,19:17
2024-02-20,8.3,87,14.9,0.0,3,08:50,19:18
2024-02-21,8.4,86,30.9,10.8,61,08:49,19:20
2024-02-22,11.1,87,40.8,15.6,63,08:47,19:22
2024-02-23,5.8,77,31.4,2.2,53,08:45,19:23
2024-02-24,4.9,83,28.0,3.6,61,08:43,19:25
2024-02-25,5.9,91,23.5,9.4,61,08:41,19:26
2024-02-26,6.8,93,29.5,8.5,61,08:39,19:28
2024-02-27,6.2,79,27.3,0.0,3,08:37,19:30
2024-02-28,5.8,84,14.0,0.0,3,08:36,19:31
2024-02-29,9.2,90,23.6,1.4,51,08:34,19:33
2024-03-01,7.2,86,35.7,5.2,61,08:32,19:34
2024-03-02,6.4,89,25.9,11.2,61,08:30,19:36
2024-03-03,5.8,86,13.9,3.2,53,08:28,19:38
2024-03-04,5.3,78,12.1,0.6,51,08:25,19:39
2024-03-05,6.8,83,19.2,7.5,63,08:23,19:41
2024-03-06,6.2,88,10.0,3.2,61,08:21,19:42
2024-03-07,6.2,81,19.3,0.0,2,08:19,19:44
2024-03-08,8.0,73,25.6,0.0,3,08:17,19:45
2024-03-09,9.0,76,25.5,4.6,61,08:15,19:47
2024-03-10,7.7,89,15.9,3.0,51,08:13,19:49
2024-03-11,7.4,85,20.3,1.6,53,08:11,19:50
2024-03-12,8.7,91,18.4,5.2,61,08:09,19:52
2024-03-13,11.3,84,16.1,0.0,3,08:07,19:53
2024-03-14,10.8,83,16.7,0.0,3,08:05,19:55
2024-03-15,12.9,83,28.8,6.9,61,08:03,19:56
2024-03-16,11.6,76,21.6,0.7,51,08:01,19:58
2024-03-17,11.2,91,16.1,4.6,53,07:59,19:59
2024-03-18,12.6,84,12.4,3.4,53,07:57,20:01
2024-03-19,11.4,79,10.4,0.0,3,07:55,20:02
2024-03-20,12.1,80,9.4,0.0,3,07:53,20:04
2024-03-21,12.3,80,11.3,0.0,3,07:50,20:05
2024-03-22,11.2,83,17.8,0.1,51,07:48,20:07
2024-03-23,7.5,79,28.4,8.3,73,07:46,20:08
2024-03-24,6.8,75,28.3,0.8,51,07:44,20:10
2024-03-25,7.2,74,21.1,0.0,3,07:42,20:11
2024-03-26,9.3,85,23.6,8.0,61,07:40,20:13
2024-03-27,7.9,78,29.0,1.3,53,07:38,20:14
2024-03-28,8.8,70,39.0,3.5,61,07:36,20:16
2024-03-29,10.3,79,22.4,8.2,61,07:33,20:17
2024-03-30,8.8,82,14.9,11.7,61,07:31,20:19
2024-03-31,9.6,83,22.7,2.4,53,07:29,20:20
2024-04-01,9.6,79,23.4,1.7,53,07:27,20:22
2024-04-02,10.4,75,33.7,0.5,51,07:25,20:23
2024-04-03,12.4,79,28.2,7.2,55,07:23,20:25
2024-04-04,14.1,78,39.8,10.8,63,07:21,20:26
2024-04-05,14.8,82,26.3,4.2,61,07:19,20:28
2024-04-06,16.9,68,23.2,0.0,3,07:17,20:29
2024-04-07,15.2,78,17.6,10.6,63,07:15,20:31
2024-04-08,14.3,82,20.3,8.3,63,07:13,20:32
2024-04-09,9.9,69,31.7,1.2,51,07:11,20:34
2024-04-10,9.8,70,14.8,0.0,3,07:09,20:35
2024-04-11,13.8,79,11.4,0.5,51,07:07,20:37
2024-04-12,15.6,80,13.1,0.0,3,07:05,20:38
2024-04-13,17.1,78,17.7,0.0,3,07:03,20:40
2024-04-14,14.0,75,16.3,0.0,3,07:01,20:41
2024-04-15,9.9,75,39.8,2.8,61,06:59,20:43
2024-04-16,9.0,71,27.8,2.8,61,06:57,20:44
2024-04-17,7.2,77,22.0,1.3,53,06:55,20:46
2024-04-18,7.1,72,15.4,0.7,51,06:53,20:47
2024-04-19,9.3,75,29.5,0.8,51,06:51,20:49
2024-04-20,6.8,72,20.6,0.1,51,06:49,20:50
2024-04-21,6.6,68,28.7,1.7,55,06:47,20:52
2024-04-22,6.4,71,18.5,0.6,51,06:45,20:53
2024-04-23,6.1,67,19.2,0.0,3,06:44,20:55
2024-04-24,7.5,71,27.4,1.2,51,06:42,20:56
2024-04-25,7.3,71,11.1,0.2,51,06:40,20:57
2024-04-26,9.5,78,18.0,3.0,61,06:38,20:59
2024-04-27,11.6,87,17.1,16.2,63,06:36,21:00
2024-04-28,11.9,73,28.0,3.9,61,06:35,21:02
2024-04-29,12.1,75,15.5,0.4,51,06:33,21:03
2024-04-30,13.8,83,22.5,5.2,61,06:31,21:05
2024-05-01,15.2,85,20.8,5.1,63,06:29,21:06
2024-05-02,11.7,86,23.2,7.4,61,06:28,21:08
2024-05-03,11.6,76,21.9,2.6,61,06:26,21:09
2024-05-04,10.6,82,12.4,0.7,51,06:24,21:11
2024-05-05,12.8,85,19.6,1.7,55,06:23,21:12
2024-05-06,13.3,79,18.6,3.5,61,06:21,21:14
2024-05-07,13.0,82,23.5,1.1,51,06:20,21:15
2024-05-08,12.1,78,15.4,0.0,3,06:18,21:16
2024-05-09,13.3,78,11.9,0.0,3,06:17,21:18
2024-05-10,16.0,73,14.8,0.0,3,06:15,21:19
2024-05-11,17.5,71,15.2,0.0,3,06:14,21:21
2024-05-12,17.9,76,12.7,8.3,63,06:12,21:22
2024-05-13,16.9,76,19.6,0.0,3,06:11,21:23
2024-05-14,14.6,88,14.1,17.1,61,06:10,21:25
2024-05-15,14.8,78,14.1,2.3,55,06:08,21:26
2024-05-16,14.5,75,14.0,3.2,61,06:07,21:27
2024-05-17,14.1,76,9.9,0.2,51,06:06,21:29
2024-05-18,15.0,81,12.6,7.1,63,06:05,21:30
2024-05-19,14.8,85,8.9,2.0,55,06:03,21:31
2024-05-20,15.4,82,14.5,10.5,63,06:02,21:32
2024-05-21,14.8,87,11.9,13.5,63,06:01,21:34
2024-05-22,14.7,79,20.5,3.9,61,06:00,21:35
2024-05-23,14.7,78,12.3,8.0,63,05:59,21:36
2024-05-24,14.0,82,16.3,3.2,61,05:58,21:37
2024-05-25,15.1,80,10.5,1.1,53,05:57,21:38
2024-05-26,16.6,77,21.9,3.6,55,05:56,21:40
2024-05-27,13.7,78,18.4,1.8,53,05:55,21:41
2024-05-28,13.4,84,23.2,2.0,53,05:54,21:42
2024-05-29,15.0,88,23.8,17.6,63,05:53,21:43
2024-05-30,13.6,82,24.3,6.0,61,05:53,21:44
2024-05-31,13.2,84,23.4,3.6,53,05:52,21:45
2024-06-01,13.4,84,22.7,2.4,53,05:51,21:46
2024-06-02,14.1,79,19.9,0.0,3,05:51,21:47
2024-06-03,14.2,78,10.8,0.0,3,05:50,21:48
2024-06-04,17.3,78,19.5,1.3,51,05:50,21:48
2024-06-05,15.8,76,16.9,0.4,51,05:49,21:49
2024-06-06,14.2,72,14.5,0.0,3,05:49,21:50
2024-06-07,14.4,70,10.1,0.0,2,05:48,21:51
2024-06-08,14.7,72,19.4,0.0,3,05:48,21:52
2024-06-09,14.5,69,19.8,0.0,2,05:47,21:52
2024-06-10,12.7,75,26.0,3.0,61,05:47,21:53
2024-06-11,12.2,71,16.7,0.4,51,05:47,21:54
2024-06-12,11.9,79,14.0,3.0,61,05:47,21:54
2024-06-13,14.5,67,20.8,0.7,51,05:47,21:55
2024-06-14,16.7,71,26.8,3.5,53,05:47,21:55
2024-06-15,14.6,69,29.8,1.7,53,05:46,21:56
2024-06-16,15.3,79,25.1,4.9,61,05:46,21:56
2024-06-17,17.4,81,13.7,7.7,63,05:46,21:57
2024-06-18,17.7,90,13.9,21.4,63,05:47,21:57
2024-06-19,17.5,80,23.3,1.8,53,05:47,21:57
2024-06-20,18.2,80,15.8,1.8,53,05:47,21:57
2024-06-21,17.6,84,13.3,18.6,63,05:47,21:58
2024-06-22,16.2,78,24.3,3.7,53,05:47,21:58
2024-06-23,16.6,72,19.5,0.0,3,05:47,21:58
2024-06-24,19.7,75,11.2,0.0,2,05:48,21:58
2024-06-25,22.2,70,12.3,0.0,3,05:48,21:58
2024-06-26,23.5,70,14.0,0.0,3,05:49,21:58
2024-06-27,22.8,72,18.3,0.2,51,05:49,21:58
2024-06-28,17.9,68,13.5,0.0,3,05:50,21:58
2024-06-29,17.1,75,18.3,31.8,65,05:50,21:57
2024-06-30,18.1,77,18.3,4.2,61,05:51,21:57
2024-07-01,17.4,74,17.6,1.4,51,05:51,21:57
2024-07-02,16.2,74,16.5,1.2,51,05:52,21:57
2024-07-03,15.6,73,20.4,0.2,51,05:53,21:56
2024-07-04,17.7,68,22.8,0.4,51,05:53,21:56
2024-07-05,18.1,65,18.6,0.1,51,05:54,21:55
2024-07-06,17.6,60,27.9,0.1,51,05:55,21:55
2024-07-07,15.7,60,21.1,0.1,51,05:56,21:54
2024-07-08,17.3,68,12.8,0.0,3,05:57,21:54
2024-07-09,20.2,74,14.3,2.6,61,05:58,21:53
2024-07-10,20.7,69,19.6,0.5,53,05:59,21:53
2024-07-11,19.5,69,15.5,0.3,51,05:59,21:52
2024-07-12,16.3,80,17.4,12.4,63,06:00,21:51
2024-07-13,16.3,78,9.9,3.2,55,06:01,21:50
2024-07-14,17.8,71,9.0,0.1,51,06:02,21:50
2024-07-15,20.0,70,23.4,1.1,53,06:03,21:49
2024-07-16,18.9,67,28.0,0.8,51,06:04,21:48
2024-07-17,19.1,69,10.0,0.0,3,06:06,21:47
2024-07-18,22.0,64,8.5,0.0,3,06:07,21:46
2024-07-19,24.6,60,8.4,0.2,51,06:08,21:45
2024-07-20,24.1,62,12.7,8.8,63,06:09,21:44
2024-07-21,21.1,77,19.7,6.4,63,06:10,21:43
2024-07-22,19.7,66,17.4,0.0,3,06:11,21:41
2024-07-23,20.2,72,24.5,1.9,53,06:13,21:40
2024-07-24,19.3,70,7.7,0.0,3,06:14,21:39
2024-07-25,22.4,61,13.3,0.0,3,06:15,21:38
2024-07-26,20.7,82,10.6,4.9,53,06:16,21:36
2024-07-27,18.5,90,10.1,8.0,61,06:18,21:35
2024-07-28,18.2,74,14.5,0.0,3,06:19,21:34
2024-07-29,21.7,69,12.9,0.0,3,06:20,21:32
2024-07-30,25.9,71,9.4,0.0,3,06:22,21:31
2024-07-31,25.0,79,17.6,7.1,63,06:23,21:30
2024-08-01,22.9,85,13.7,29.4,65,06:24,21:28
2024-08-02,22.0,76,19.4,2.7,61,06:26,21:27
2024-08-03,19.7,72,14.8,0.6,51,06:27,21:25
2024-08-04,19.8,72,14.3,0.0,3,06:28,21:24
2024-08-05,20.3,70,7.6,0.0,3,06:30,21:22
2024-08-06,22.0,66,15.6,0.0,3,06:31,21:20
2024-08-07,20.0,66,13.7,2.8,61,06:32,21:19
2024-08-08,21.1,64,15.2,0.1,51,06:34,21:17
2024-08-09,21.7,70,18.5,0.0,3,06:35,21:15
2024-08-10,21.5,70,9.4,0.0,3,06:37,21:14
2024-08-11,24.4,56,16.3,0.0,3,06:38,21:12
2024-08-12,27.8,59,15.4,0.0,1,06:39,21:10
2024-08-13,22.9,76,17.8,1.4,53,06:41,21:08
2024-08-14,21.9,78,12.2,8.9,63,06:42,21:07
2024-08-15,21.5,69,13.0,0.7,51,06:44,21:05
2024-08-16,21.2,70,17.9,0.1,51,06:45,21:03
2024-08-17,20.1,86,15.5,37.7,63,06:46,21:01
2024-08-18,17.6,74,20.2,6.4,63,06:48,20:59
2024-08-19,16.8,73,9.2,0.0,3,06:49,20:57
2024-08-20,18.1,79,21.6,16.2,63,06:51,20:56
2024-08-21,16.2,71,15.3,0.0,3,06:52,20:54
2024-08-22,17.9,63,17.7,0.0,3,06:53,20:52
2024-08-23,20.3,73,28.3,0.1,51,06:55,20:50
2024-08-24,21.4,73,28.5,2.9,61,06:56,20:48
2024-08-25,16.6,63,17.3,0.0,3,06:58,20:46
2024-08-26,17.8,62,9.5,0.0,3,06:59,20:44
2024-08-27,18.7,68,9.1,0.0,3,07:01,20:42
2024-08-28,21.4,67,15.3,0.0,3,07:02,20:40
2024-08-29,20.8,71,14.8,1.1,53,07:03,20:38
2024-08-30,17.4,86,15.5,13.2,63,07:05,20:36
2024-08-31,19.2,89,13.2,0.9,53,07:06,20:34
2024-09-01,22.4,79,19.4,0.2,51,07:08,20:32
2024-09-02,20.4,79,16.3,0.3,51,07:09,20:30
2024-09-03,19.3,79,14.8,7.5,63,07:10,20:28
2024-09-04,18.3,76,11.3,1.6,53,07:12,20:25
2024-09-05,15.9,85,24.3,29.2,63,07:13,20:23
2024-09-06,16.6,81,11.8,0.3,51,07:15,20:21
2024-09-07,18.4,85,14.5,6.2,61,07:16,20:19
2024-09-08,16.2,80,23.9,5.7,63,07:18,20:17
2024-09-09,16.3,84,27.4,1.0,51,07:19,20:15
2024-09-10,14.8,73,25.4,0.1,51,07:20,20:13
2024-09-11,14.4,73,27.0,4.7,61,07:22,20:11
2024-09-12,11.2,73,22.7,2.0,55,07:23,20:09
2024-09-13,11.3,78,19.2,1.9,55,07:25,20:07
2024-09-14,11.5,77,10.7,0.0,3,07:26,20:05
2024-09-15,12.1,75,9.0,0.0,3,07:27,20:02
2024-09-16,14.3,81,18.1,0.4,51,07:29,20:00
2024-09-17,15.7,77,26.0,0.0,3,07:30,19:58
2024-09-18,18.0,73,27.9,0.5,51,07:32,19:56
2024-09-19,19.2,61,22.4,0.0,1,07:33,19:54
2024-09-20,16.0,80,16.5,4.6,63,07:35,19:52
2024-09-21,17.3,81,17.6,0.5,51,07:36,19:50
2024-09-22,17.1,87,14.2,13.9,63,07:37,19:47
2024-09-23,15.3,86,19.3,8.8,61,07:39,19:45
2024-09-24,14.9,86,27.1,1.4,51,07:40,19:43
2024-09-25,14.4,91,25.8,16.0,63,07:42,19:41
2024-09-26,15.9,86,30.6,11.5,63,07:43,19:39
2024-09-27,12.9,76,30.2,1.5,53,07:45,19:37
2024-09-28,10.5,77,17.4,0.7,51,07:46,19:35
2024-09-29,9.5,77,23.2,0.0,3,07:47,19:33
2024-09-30,14.6,80,34.0,0.4,51,07:49,19:31
2024-10-01,13.9,76,19.6,0.1,51,07:50,19:29
2024-10-02,13.2,82,22.0,1.6,53,07:52,19:26
2024-10-03,11.4,79,20.6,0.1,51,07:53,19:24
2024-10-04,9.8,80,11.4,0.0,3,07:55,19:22
2024-10-05,10.4,79,17.5,0.0,3,07:56,19:20
2024-10-06,12.8,86,20.2,4.2,61,07:58,19:18
2024-10-07,15.7,91,21.3,11.8,63,07:59,19:16
2024-10-08,15.6,81,26.0,0.5,51,08:01,19:14
2024-10-09,14.4,92,28.9,55.7,65,08:02,19:12
2024-10-10,12.9,86,22.2,1.3,51,08:04,19:10
2024-10-11,9.5,83,9.4,0.0,3,08:05,19:08
2024-10-12,11.6,86,15.3,1.8,53,08:07,19:06
2024-10-13,11.9,79,16.9,0.0,3,08:08,19:04
2024-10-14,14.4,82,16.7,0.1,51,08:10,19:02
2024-10-15,15.2,91,18.2,0.2,51,08:11,19:00
2024-10-16,19.0,80,22.8,6.0,63,08:13,18:58
2024-10-17,16.6,93,17.2,12.5,63,08:14,18:56
2024-10-18,14.3,89,19.9,7.7,61,08:16,18:54
2024-10-19,13.4,87,22.9,2.7,53,08:17,18:52
2024-10-20,14.8,90,23.8,0.7,53,08:19,18:51
2024-10-21,16.7,87,28.2,1.6,55,08:20,18:49
2024-10-22,12.5,87,17.6,0.0,3,08:22,18:47
2024-10-23,10.4,89,11.9,0.0,3,08:24,18:45
2024-10-24,11.6,89,13.2,0.0,3,08:25,18:43
2024-10-25,14.6,90,22.0,2.0,55,08:27,18:41
2024-10-26,14.4,95,7.0,5.1,55,08:28,18:40
2024-10-27,14.2,93,10.2,2.8,53,08:30,18:38
2024-10-28,13.2,91,9.7,0.0,3,08:31,18:36
2024-10-29,11.0,93,10.6,0.0,3,08:33,18:34
2024-10-30,12.3,89,12.1,0.0,3,08:35,18:33
2024-10-31,12.0,91,8.1,0.0,3,08:36,18:31
2024-11-01,10.7,93,7.6,0.0,3,08:38,18:29
2024-11-02,10.8,87,16.1,0.7,51,08:39,18:28
2024-11-03,10.1,86,10.3,0.0,3,08:41,18:26
2024-11-04,9.3,94,8.8,0.0,3,08:43,18:25
2024-11-05,9.3,97,7.9,0.0,3,08:44,18:23
2024-11-06,10.5,91,10.8,0.0,3,08:46,18:22
2024-11-07,11.0,88,14.7,0.0,3,08:47,18:20
2024-11-08,9.4,87,10.3,0.0,3,08:49,18:19
2024-11-09,10.3,93,7.1,0.0,3,08:50,18:17
2024-11-10,10.2,92,12.6,0.5,51,08:52,18:16
2024-11-11,8.7,87,18.5,0.5,51,08:54,18:15
2024-11-12,8.5,83,29.9,2.1,53,08:55,18:13
2024-11-13,7.5,83,12.8,0.0,3,08:57,18:12
2024-11-14,7.9,88,7.8,0.0,3,08:58,18:11
2024-11-15,8.7,85,8.8,0.1,51,09:00,18:10
2024-11-16,7.3,81,7.0,0.0,3,09:01,18:09
2024-11-17,7.2,88,12.6,1.0,51,09:03,18:07
2024-11-18,8.6,92,20.7,4.3,53,09:04,18:06
2024-11-19,10.4,90,27.3,24.4,63,09:06,18:05
2024-11-20,4.2,81,23.9,3.1,75,09:08,18:04
2024-11-21,0.8,91,22.6,10.4,75,09:09,18:03
2024-11-22,0.8,86,20.2,0.6,73,09:10,18:02
2024-11-23,4.8,78,25.0,0.0,3,09:12,18:01
2024-11-24,14.9,59,28.7,0.0,3,09:13,18:01
2024-11-25,13.1,76,25.0,8.8,61,09:15,18:00
2024-11-26,8.6,88,16.0,3.4,63,09:16,17:59
2024-11-27,10.3,90,24.0,8.7,63,09:17,17:58
2024-11-28,6.5,85,8.9,0.0,3,09:19,17:58
2024-11-29,3.6,86,11.0,0.0,3,09:20,17:57
2024-11-30,2.9,89,9.4,0.0,3,09:21,17:57
2024-12-01,5.7,95,14.5,0.0,3,09:23,17:56
2024-12-02,10.3,89,16.4,0.5,51,09:24,17:56
2024-12-03,5.7,88,12.6,1.0,53,09:25,17:55
2024-12-04,4.5,95,10.3,0.0,3,09:26,17:55
2024-12-05,7.5,90,24.2,3.4,55,09:27,17:55
2024-12-06,9.2,78,29.2,2.3,61,09:29,17:54
2024-12-07,8.8,83,30.6,7.8,61,09:30,17:54
2024-12-08,7.2,86,25.8,5.6,61,09:31,17:54
2024-12-09,5.5,85,20.5,1.3,51,09:32,17:54
2024-12-10,5.2,84,15.8,0.2,51,09:33,17:54
2024-12-11,4.9,84,12.9,0.0,3,09:34,17:54
2024-12-12,3.9,85,10.0,0.0,3,09:35,17:54
2024-12-13,2.0,87,8.4,0.0,3,09:36,17:54
2024-12-14,1.9,93,10.8,0.1,51,09:37,17:54
2024-12-15,6.0,91,13.1,0.0,3,09:37,17:54
2024-12-16,9.2,90,12.7,0.0,3,09:38,17:54
2024-12-17,7.0,93,13.3,0.0,3,09:39,17:55
2024-12-18,10.2,85,23.3,1.4,53,09:39,17:55
2024-12-19,9.0,82,26.6,4.5,61,09:40,17:55
2024-12-20,4.9,83,15.3,0.1,51,09:40,17:56
2024-12-21,8.4,90,23.5,4.8,55,09:41,17:56
2024-12-22,6.7,82,27.7,18.7,73,09:41,17:57
2024-12-23,5.9,72,22.5,0.1,51,09:42,17:57
2024-12-24,6.8,93,8.7,1.1,53,09:42,17:58
2024-12-25,9.4,96,8.2,0.0,3,09:43,17:59
2024-12-26,7.0,93,8.9,0.0,3,09:43,17:59
2024-12-27,2.0,93,5.1,0.0,3,09:43,18:00
2024-12-28,0.5,97,9.0,0.0,3,09:43,18:01
2024-12-29,2.5,92,7.5,0.0,3,09:43,18:02
2024-12-30,3.1,91,8.7,0.1,51,09:44,18:03
2024-12-31,3.6,90,16.5,0.0,3,09:44,18:04
2025-01-01,6.1,88,26.9,0.0,3,09:44,18:05
2025-01-02,4.4,94,27.5,22.7,73,09:44,18:06
2025-01-03,0.4,89,8.6,0.0,1,09:43,18:07
2025-01-04,-0.7,86,13.5,5.2,61,09:43,18:08
2025-01-05,9.4,88,29.4,14.1,63,09:43,18:09
2025-01-06,9.7,76,34.8,1.6,53,09:43,18:10
2025-01-07,5.0,76,22.9,4.0,75,09:42,18:11
2025-01-08,6.0,93,32.1,15.9,61,09:42,18:12
2025-01-09,6.3,85,21.5,5.4,61,09:42,18:14
2025-01-10,3.4,86,10.6,0.4,71,09:41,18:15
2025-01-11,0.9,92,9.5,0.0,3,09:41,18:16
2025-01-12,1.5,93,8.3,0.0,3,09:40,18:18
2025-01-13,0.5,83,9.3,0.0,2,09:39,18:19
2025-01-14,-1.4,84,4.9,0.0,3,09:39,18:20
2025-01-15,2.2,96,7.4,0.2,51,09:38,18:22
2025-01-16,3.4,93,12.6,0.0,3,09:37,18:23
2025-01-17,0.8,94,7.0,0.0,3,09:37,18:25
2025-01-18,0.5,90,9.5,0.0,3,09:36,18:26
2025-01-19,-0.3,95,5.9,0.1,71,09:35,18:28
2025-01-20,-0.5,92,6.4,0.1,71,09:34,18:29
2025-01-21,0.2,93,10.0,0.0,3,09:33,18:31
2025-01-22,4.8,96,15.6,13.8,63,09:32,18:32
2025-01-23,6.1,87,24.2,3.1,61,09:31,18:34
2025-01-24,9.3,80,28.0,4.7,61,09:30,18:35
2025-01-25,9.8,88,21.5,11.2,63,09:29,18:37
2025-01-26,5.0,87,27.3,3.2,53,09:28,18:39
2025-01-27,9.7,80,31.7,3.6,55,09:27,18:40
2025-01-28,7.9,81,26.1,4.5,55,09:25,18:42
2025-01-29,7.2,88,25.8,9.7,61,09:24,18:43
2025-01-30,6.1,89,19.0,3.7,53,09:23,18:45
2025-01-31,2.3,92,14.6,4.8,55,09:22,18:47
2025-02-01,2.2,85,7.5,0.0,3,09:20,18:48
2025-02-02,1.2,88,5.7,0.0,0,09:19,18:50
2025-02-03,1.3,95,5.4,0.0,3,09:17,18:52
2025-02-04,1.3,93,10.3,0.0,3,09:16,18:53
2025-02-05,4.5,92,8.1,0.0,3,09:14,18:55
2025-02-06,3.3,88,15.7,0.2,51,09:13,18:57
2025-02-07,3.9,79,15.0,0.9,51,09:11,18:58
2025-02-08,5.7,82,16.5,2.2,53,09:10,19:00
2025-02-09,4.7,89,12.2,5.4,55,09:08,19:02
2025-02-10,4.2,94,13.6,8.5,63,09:06,19:03
2025-02-11,4.1,85,13.0,0.0,3,09:05,19:05
2025-02-12,3.3,87,7.5,0.4,51,09:03,19:07
2025-02-13,4.5,80,9.0,0.1,51,09:01,19:08
2025-02-14,1.6,78,11.4,0.0,3,09:00,19:10
2025-02-15,0.6,79,12.8,0.0,3,08:58,19:11
2025-02-16,1.7,80,9.9,0.0,3,08:56,19:13
2025-02-17,1.8,81,9.0,0.0,3,08:55,19:15
2025-02-18,2.8,78,12.3,0.0,3,08:53,19:16
2025-02-19,4.9,80,10.8,0.0,3,08:51,19:18
2025-02-20,9.6,93,13.6,1.5,55,08:49,19:20
2025-02-21,12.0,84,14.9,0.1,51,08:47,19:21
2025-02-22,10.7,84,19.1,6.0,61,08:46,19:23
2025-02-23,8.9,82,15.5,0.0,3,08:44,19:24
2025-02-24,10.3,82,18.6,3.1,61,08:42,19:26
2025-02-25,8.0,95,26.2,18.3,63,08:40,19:28
2025-02-26,7.0,82,25.3,2.6,61,08:38,19:29
2025-02-27,6.0,80,19.0,0.4,51,08:36,19:31
2025-02-28,5.0,83,11.6,0.5,51,08:34,19:32
2025-03-01,3.7,83,19.0,0.0,3,08:32,19:34
2025-03-02,4.5,78,12.6,0.0,3,08:30,19:36
2025-03-03,4.7,80,6.6,0.0,3,08:28,19:37
2025-03-04,5.7,79,6.4,0.0,3,08:26,19:39
2025-03-05,7.6,79,5.6,0.0,0,08:24,19:40
2025-03-06,9.2,70,11.0,0.0,3,08:22,19:42
2025-03-07,10.6,69,10.3,0.0,3,08:20,19:43
2025-03-08,11.6,67,12.6,0.0,3,08:18,19:45
2025-03-09,12.1,67,12.8,0.0,3,08:16,19:47
2025-03-10,10.6,84,11.0,3.3,55,08:14,19:48
2025-03-11,7.1,90,13.5,0.5,51,08:12,19:50
2025-03-12,4.9,82,13.3,2.3,53,08:10,19:51
2025-03-13,4.4,82,10.3,1.6,71,08:08,19:53
2025-03-14,3.1,82,12.8,0.7,51,08:06,19:54
2025-03-15,3.8,69,20.5,0.2,51,08:04,19:56
2025-03-16,5.8,69,15.6,0.0,3,08:01,19:57
2025-03-17,5.8,67,15.9,0.0,3,07:59,19:59
2025-03-18,6.5,64,12.5,0.0,0,07:57,20:00
2025-03-19,10.2,71,10.1,0.0,3,07:55,20:02
2025-03-20,11.5,75,9.9,0.0,3,07:53,20:03
2025-03-21,13.5,73,16.0,2.1,53,07:51,20:05
2025-03-22,12.7,87,14.7,10.0,63,07:49,20:06
2025-03-23,9.9,83,13.4,1.1,51,07:47,20:08
2025-03-24,10.8,83,9.1,0.5,51,07:44,20:09
2025-03-25,10.4,81,12.2,0.0,3,07:42,20:11
2025-03-26,10.1,82,11.8,0.4,51,07:40,20:12
2025-03-27,8.8,78,8.0,0.0,0,07:38,20:14
2025-03-28,7.8,87,17.3,2.1,55,07:36,20:15
2025-03-29,8.9,70,16.5,1.5,55,07:34,20:17
2025-03-30,9.7,73,17.2,0.1,51,07:32,20:18
2025-03-31,9.1,78,11.5,0.0,1,07:30,20:20
2025-04-01,9.0,64,24.8,0.0,0,07:28,20:21
2025-04-02,10.9,61,16.9,0.0,3,07:26,20:23
2025-04-03,13.5,68,13.8,0.0,3,07:24,20:24
2025-04-04,15.6,65,13.8,0.1,51,07:22,20:26
2025-04-05,15.6,60,13.5,0.0,0,07:20,20:27
2025-04-06,12.7,54,13.8,0.0,3,07:17,20:29
2025-04-07,10.1,47,9.8,0.0,0,07:15,20:30
2025-04-08,11.2,54,9.1,0.0,3,07:13,20:32
2025-04-09,12.1,56,16.4,0.0,1,07:11,20:33
2025-04-10,10.8,63,12.3,0.0,1,07:09,20:35
2025-04-11,13.5,55,10.0,0.0,0,07:07,20:36
2025-04-12,14.2,62,18.4,3.0,61,07:05,20:38
2025-04-13,14.0,76,16.2,3.0,55,07:03,20:39
2025-04-14,13.3,69,13.8,0.0,3,07:01,20:41
2025-04-15,14.0,76,19.2,2.6,53,06:59,20:42
2025-04-16,10.9,63,11.3,0.0,3,06:57,20:44
2025-04-17,11.5,63,11.2,0.0,3,06:55,20:45
2025-04-18,12.3,60,18.3,0.0,3,06:54,20:47
2025-04-19,13.5,65,17.0,2.8,61,06:52,20:48
2025-04-20,12.9,74,17.5,5.2,63,06:50,20:50
2025-04-21,11.9,82,11.6,4.3,55,06:48,20:51
2025-04-22,12.1,81,7.8,0.4,51,06:46,20:53
2025-04-23,11.0,79,20.7,9.3,61,06:44,20:54
2025-04-24,12.1,78,13.1,1.1,51,06:42,20:56
2025-04-25,11.4,79,11.0,0.5,51,06:40,20:57
2025-04-26,13.3,72,13.4,0.2,51,06:39,20:59
2025-04-27,15.3,67,12.5,0.3,51,06:37,21:00
2025-04-28,16.7,62,12.5,0.0,1,06:35,21:02
2025-04-29,18.9,46,12.1,0.0,0,06:33,21:03
2025-04-30,21.1,40,11.4,0.0,0,06:31,21:05
2025-05-01,22.1,45,15.4,0.0,3,06:30,21:06
2025-05-02,22.5,47,13.2,0.0,3,06:28,21:07
2025-05-03,19.1,71,14.6,9.2,63,06:26,21:09
2025-05-04,12.4,64,19.1,1.2,51,06:25,21:10
2025-05-05,10.2,61,18.8,0.0,3,06:23,21:12
2025-05-06,11.1,59,20.2,0.2,51,06:22,21:13
2025-05-07,11.8,65,16.1,0.0,3,06:20,21:15
2025-05-08,13.2,58,15.8,0.1,51,06:19,21:16
2025-05-09,14.7,45,17.5,0.0,3,06:17,21:17
2025-05-10,17.0,44,16.7,0.0,3,06:16,21:19
2025-05-11,17.7,61,13.0,4.5,61,06:14,21:20
2025-05-12,15.7,75,10.9,1.7,51,06:13,21:22
2025-05-13,15.4,78,14.2,6.9,63,06:11,21:23
2025-05-14,17.9,64,15.3,0.1,51,06:10,21:24
2025-05-15,13.9,61,19.0,0.0,3,06:09,21:26
2025-05-16,14.3,59,15.8,0.0,0,06:07,21:27
2025-05-17,13.7,59,13.9,0.0,3,06:06,21:28
2025-05-18,14.7,62,10.6,0.0,3,06:05,21:30
2025-05-19,16.2,53,12.4,0.0,3,06:04,21:31
2025-05-20,19.1,44,14.5,0.0,3,06:02,21:32
2025-05-21,14.3,64,13.6,13.7,61,06:01,21:33
2025-05-22,13.3,68,14.7,1.4,53,06:00,21:35
2025-05-23,13.4,53,10.5,0.0,3,05:59,21:36
2025-05-24,14.2,64,18.3,0.4,51,05:58,21:37
2025-05-25,16.6,72,22.4,2.0,53,05:57,21:38
2025-05-26,14.5,66,14.2,0.0,3,05:56,21:39
2025-05-27,15.8,72,24.8,0.0,3,05:55,21:40
2025-05-28,16.7,75,20.4,3.2,53,05:54,21:41
2025-05-29,18.1,68,13.7,0.0,3,05:54,21:42
2025-05-30,22.1,66,9.3,0.0,1,05:53,21:43
2025-05-31,22.1,71,12.6,4.6,61,05:52,21:44
2025-06-01,19.0,67,13.1,8.5,65,05:51,21:45
2025-06-02,17.9,59,10.8,0.9,51,05:51,21:46
2025-06-03,18.9,51,20.3,0.0,3,05:50,21:47
2025-06-04,16.3,65,13.0,2.0,51,05:50,21:48
2025-06-05,15.6,77,25.4,7.5,61,05:49,21:49
2025-06-06,17.0,76,20.8,6.7,61,05:49,21:50
2025-06-07,16.1,75,24.7,3.4,61,05:48,21:51
2025-06-08,15.2,70,20.8,4.3,61,05:48,21:51
2025-06-09,16.3,68,8.8,0.0,3,05:48,21:52
2025-06-10,18.1,68,15.8,0.0,3,05:47,21:53
2025-06-11,20.8,65,12.8,0.0,3,05:47,21:54
2025-06-12,24.5,51,15.1,0.1,51,05:47,21:54
2025-06-13,26.2,60,23.3,6.8,63,05:47,21:55
2025-06-14,23.0,75,13.3,0.9,53,05:46,21:55
2025-06-15,19.3,61,14.2,0.1,51,05:46,21:56
2025-06-16,19.6,56,9.8,0.0,3,05:46,21:56
2025-06-17,22.8,51,13.5,0.0,3,05:46,21:56
2025-06-18,23.1,49,11.2,0.0,3,05:46,21:57
2025-06-19,24.8,49,15.1,0.0,0,05:47,21:57
2025-06-20,25.7,43,13.0,0.0,3,05:47,21:57
2025-06-21,27.7,38,12.2,0.0,3,05:47,21:57
2025-06-22,26.1,44,13.6,0.0,3,05:47,21:58
2025-06-23,21.6,57,20.3,0.0,3,05:47,21:58
2025-06-24,21.9,48,10.1,0.0,0,05:48,21:58
2025-06-25,25.8,51,16.7,2.3,61,05:48,21:58
2025-06-26,22.2,73,18.6,7.0,63,05:49,21:58
2025-06-27,23.2,69,12.8,1.4,55,05:49,21:58
2025-06-28,24.4,65,10.3,0.0,2,05:50,21:58
2025-06-29,24.7,64,11.8,0.0,3,05:50,21:58
2025-06-30,28.2,53,13.1,0.0,3,05:51,21:57
2025-07-01,31.9,36,11.1,0.0,1,05:51,21:57
2025-07-02,26.3,56,19.2,3.1,61,05:52,21:57
2025-07-03,21.2,52,14.2,0.0,3,05:53,21:56
2025-07-04,21.4,42,11.0,0.0,3,05:53,21:56
2025-07-05,21.5,40,13.7,0.0,3,05:54,21:56
2025-07-06,17.1,83,19.0,29.4,63,05:55,21:55
2025-07-07,16.1,81,17.5,22.8,63,05:56,21:55
2025-07-08,16.4,69,15.7,2.3,61,05:56,21:54
2025-07-09,17.9,66,4.6,0.0,2,05:57,21:53
2025-07-10,20.8,60,11.7,0.0,2,05:58,21:53
2025-07-11,23.7,55,15.8,0.0,0,05:59,21:52
2025-07-12,23.8,53,11.2,0.0,3,06:00,21:51
2025-07-13,25.2,44,13.5,0.1,51,06:01,21:51
2025-07-14,22.8,65,19.1,8.5,63,06:02,21:50
2025-07-15,20.8,53,19.1,1.2,53,06:03,21:49
2025-07-16,20.3,67,20.6,2.6,61,06:04,21:48
2025-07-17,21.2,75,7.0,0.4,51,06:05,21:47
2025-07-18,25.1,57,10.9,0.0,3,06:07,21:46
2025-07-19,23.9,57,20.8,1.8,53,06:08,21:45
2025-07-20,19.6,76,19.5,19.0,63,06:09,21:44
2025-07-21,18.1,78,21.9,15.0,63,06:10,21:43
2025-07-22,18.8,71,19.2,0.1,51,06:11,21:42
2025-07-23,18.0,81,9.6,11.1,63,06:12,21:41
2025-07-24,17.3,85,13.7,28.2,65,06:14,21:39
2025-07-25,19.6,78,8.4,1.3,51,06:15,21:38
2025-07-26,20.2,76,17.8,0.0,3,06:16,21:37
2025-07-27,18.2,81,14.9,7.8,61,06:17,21:36
2025-07-28,18.0,70,13.6,1.2,51,06:19,21:34
2025-07-29,17.9,74,12.1,1.0,53,06:20,21:33
2025-07-30,18.9,80,11.8,5.3,63,06:21,21:31
2025-07-31,19.6,75,14.0,0.6,51,06:23,21:30
2025-08-01,18.9,76,15.4,1.0,51,06:24,21:29
2025-08-02,17.1,71,12.3,0.2,51,06:25,21:27
2025-08-03,18.4,65,13.3,0.0,3,06:27,21:25
2025-08-04,22.0,69,16.8,0.0,3,06:28,21:24
2025-08-05,19.9,65,15.8,5.9,63,06:29,21:22
2025-08-06,18.0,62,8.7,0.0,3,06:31,21:21
2025-08-07,21.9,47,10.4,0.0,3,06:32,21:19
2025-08-08,22.2,58,13.5,0.0,3,06:34,21:17
2025-08-09,21.7,60,15.4,0.0,3,06:35,21:16
2025-08-10,20.9,56,11.3,0.0,0,06:36,21:14
2025-08-11,24.3,46,11.4,0.0,0,06:38,21:12
2025-08-12,27.4,44,13.0,0.0,0,06:39,21:11
2025-08-13,27.2,54,8.4,0.0,3,06:41,21:09
2025-08-14,25.9,62,13.8,0.0,3,06:42,21:07
2025-08-15,24.1,54,13.2,0.0,0,06:43,21:05
2025-08-16,23.3,60,16.1,0.0,0,06:45,21:04
2025-08-17,21.3,56,12.6,0.0,0,06:46,21:02
2025-08-18,22.2,55,10.3,0.0,3,06:47,21:00
2025-08-19,22.5,59,15.5,0.0,3,06:49,20:58
2025-08-20,19.6,79,13.8,4.3,61,06:50,20:56
2025-08-21,18.6,69,15.5,0.8,51,06:52,20:54
2025-08-22,16.9,64,11.5,0.0,3,06:53,20:52
2025-08-23,17.5,63,11.4,0.0,3,06:55,20:50
2025-08-24,18.4,58,8.8,0.0,0,06:56,20:48
2025-08-25,20.7,50,7.3,0.0,3,06:57,20:46
2025-08-26,22.6,49,14.9,0.0,3,06:59,20:44
2025-08-27,22.3,56,15.6,0.2,51,07:00,20:42
2025-08-28,19.9,59,16.7,0.6,51,07:02,20:40
2025-08-29,17.0,77,20.7,3.6,53,07:03,20:38
2025-08-30,17.5,74,19.1,0.2,51,07:05,20:36
2025-08-31,18.6,84,16.8,6.1,61,07:06,20:34
2025-09-01,16.7,80,15.3,4.1,61,07:07,20:32
2025-09-02,15.4,85,23.1,5.2,61,07:09,20:30
2025-09-03,19.4,77,30.1,0.7,51,07:10,20:28
2025-09-04,17.5,77,19.7,2.9,61,07:12,20:26
2025-09-05,16.5,75,10.8,0.9,53,07:13,20:24
2025-09-06,17.5,70,15.8,0.0,3,07:14,20:22
2025-09-07,21.2,68,13.2,0.0,3,07:16,20:20
2025-09-08,19.8,68,11.4,0.0,3,07:17,20:18
2025-09-09,17.5,62,9.2,0.0,3,07:19,20:16
2025-09-10,16.1,72,19.8,5.4,61,07:20,20:14
2025-09-11,15.7,78,22.6,4.1,61,07:21,20:11
2025-09-12,15.4,68,19.2,0.6,51,07:23,20:09
2025-09-13,15.0,83,20.0,10.6,63,07:24,20:07
2025-09-14,16.2,89,21.2,0.2,51,07:26,20:05
2025-09-15,18.0,71,26.5,1.0,51,07:27,20:03
2025-09-16,15.1,71,20.0,0.1,51,07:29,20:01
2025-09-17,16.5,75,12.9,0.0,3,07:30,19:59
2025-09-18,18.1,74,7.6,0.0,1,07:31,19:56
2025-09-19,20.6,64,10.8,0.0,3,07:33,19:54
2025-09-20,20.8,74,19.1,9.7,63,07:34,19:52
2025-09-21,15.5,73,14.7,0.9,53,07:36,19:50
2025-09-22,12.7,71,22.8,1.1,51,07:37,19:48
2025-09-23,11.6,77,19.7,7.3,61,07:39,19:46
2025-09-24,10.6,90,17.3,9.9,61,07:40,19:44
2025-09-25,10.6,84,10.7,1.4,51,07:41,19:42
2025-09-26,11.2,85,6.0,0.4,51,07:43,19:40
2025-09-27,11.9,84,8.0,0.3,51,07:44,19:37
2025-09-28,12.9,81,7.2,0.0,3,07:46,19:35
2025-09-29,13.9,80,7.4,0.0,3,07:47,19:33
2025-09-30,13.5,77,10.3,0.0,3,07:49,19:31
2025-10-01,13.1,78,7.2,0.0,3,07:50,19:29
2025-10-02,12.8,72,8.3,0.0,3,07:52,19:27
2025-10-03,13.1,80,19.3,3.7,53,07:53,19:25
2025-10-04,15.0,78,29.0,8.1,63,07:54,19:23
2025-10-05,12.4,73,20.5,0.0,3,07:56,19:21
2025-10-06,12.6,80,12.7,0.2,51,07:57,19:19
2025-10-07,13.2,84,4.1,0.0,3,07:59,19:16
2025-10-08,12.7,87,7.8,0.0,3,08:00,19:14
2025-10-09,14.5,80,8.4,0.1,51,08:02,19:12
2025-10-10,12.8,85,9.0,0.0,3,08:03,19:10
2025-10-11,13.7,83,10.7,0.0,3,08:05,19:08
2025-10-12,12.8,83,11.5,0.0,0,08:06,19:06
2025-10-13,12.8,84,16.6,0.1,51,08:08,19:04
2025-10-14,13.7,81,14.2,0.0,3,08:09,19:02
2025-10-15,12.7,83,13.3,0.2,51,08:11,19:01
2025-10-16,12.4,79,13.5,0.0,3,08:12,18:59
2025-10-17,12.3,79,13.1,0.0,3,08:14,18:57
2025-10-18,11.2,73,12.8,0.0,3,08:15,18:55
2025-10-19,11.6,84,19.1,2.5,53,08:17,18:53
2025-10-20,14.9,86,24.6,4.4,55,08:19,18:51
2025-10-21,14.1,82,21.9,0.9,51,08:20,18:49
2025-10-22,13.8,89,24.4,2.6,61,08:22,18:47
2025-10-23,12.3,80,29.4,4.6,61,08:23,18:45
2025-10-24,9.1,76,21.0,1.3,61,08:25,18:44
2025-10-25,10.6,81,22.0,3.4,63,08:26,18:42
2025-10-26,8.9,75,18.2,0.2,51,08:28,18:40
2025-10-27,11.8,78,24.3,3.4,55,08:30,18:38
2025-10-28,12.4,83,24.1,0.0,3,08:31,18:36
2025-10-29,12.0,90,16.4,9.4,63,08:33,18:35
2025-10-30,10.6,83,17.4,0.0,3,08:34,18:33
2025-10-31,11.6,83,16.4,0.0,3,08:36,18:31
2025-11-01,13.8,83,18.9,5.8,61,08:37,18:30
2025-11-02,11.1,83,21.2,1.2,51,08:39,18:28
2025-11-03,11.1,86,18.3,0.0,3,08:41,18:27
2025-11-04,12.1,83,13.7,0.0,3,08:42,18:25
2025-11-05,13.4,75,13.4,0.0,3,08:44,18:24
2025-11-06,13.0,91,12.9,4.1,61,08:45,18:22
2025-11-07,11.8,91,14.1,0.2,51,08:47,18:21
2025-11-08,10.9,94,8.8,0.6,51,08:48,18:19
2025-11-09,9.2,93,10.1,0.0,3,08:50,18:18
2025-11-10,9.3,90,15.9,1.5,53,08:52,18:16
2025-11-11,11.3,90,19.2,0.0,3,08:53,18:15
2025-11-12,11.5,80,14.1,0.0,3,08:55,18:14
2025-11-13,14.5,75,16.5,0.0,3,08:56,18:12
2025-11-14,15.5,76,13.2,2.1,55,08:58,18:11
2025-11-15,12.1,96,12.0,24.4,63,09:00,18:10
2025-11-16,9.8,96,13.1,0.1,51,09:01,18:09
2025-11-17,6.6,81,16.8,1.2,53,09:03,18:08
2025-11-18,3.7,84,14.8,0.0,3,09:04,18:07
2025-11-19,5.6,85,21.1,3.6,61,09:06,18:05
2025-11-20,2.5,83,15.6,0.5,73,09:07,18:04
2025-11-21,1.7,86,13.5,0.3,71,09:09,18:03
2025-11-22,-0.6,90,16.2,0.0,3,09:10,18:03
2025-11-23,3.2,94,20.1,16.7,75,09:11,18:02
2025-11-24,7.1,90,18.8,1.6,53,09:13,18:01
2025-11-25,5.9,85,23.6,0.8,51,09:14,18:00
2025-11-26,4.7,88,13.0,0.2,51,09:16,17:59
2025-11-27,5.1,87,14.3,0.0,3,09:17,17:59
2025-11-28,9.0,95,16.1,10.6,63,09:18,17:58
2025-11-29,9.5,96,20.6,5.5,61,09:20,17:57
2025-11-30,6.4,87,13.8,0.2,51,09:21,17:57
2025-12-01,4.6,84,19.3,0.0,3,09:22,17:56
2025-12-02,8.0,77,19.5,0.4,51,09:24,17:56
2025-12-03,7.8,89,9.5,0.0,3,09:25,17:55
2025-12-04,6.4,92,19.6,2.3,53,09:26,17:55
2025-12-05,3.7,91,24.4,1.5,53,09:27,17:55
2025-12-06,9.7,86,26.1,2.2,53,09:28,17:54
2025-12-07,12.4,91,22.8,9.2,61,09:30,17:54
2025-12-08,14.2,85,20.0,1.2,55,09:31,17:54
2025-12-09,11.8,83,17.2,0.3,51,09:32,17:54
2025-12-10,12.0,91,14.6,0.3,51,09:33,17:54
2025-12-11,7.6,97,11.7,0.2,51,09:34,17:54
2025-12-12,9.6,95,9.5,0.0,3,09:35,17:54
2025-12-13,8.2,98,8.5,0.0,3,09:35,17:54
2025-12-14,6.6,97,12.2,0.0,3,09:36,17:54
2025-12-15,7.5,90,15.0,0.0,3,09:37,17:54
2025-12-16,10.1,88,15.4,0.0,3,09:38,17:54
2025-12-17,8.4,91,13.5,0.0,3,09:38,17:54
2025-12-18,10.7,79,22.7,0.0,3,09:39,17:55
2025-12-19,10.5,90,20.0,5.7,61,09:40,17:55
2025-12-20,8.1,97,11.6,2.3,51,09:40,17:56
2025-12-21,9.5,96,22.0,15.8,63,09:41,17:56
2025-12-22,9.1,90,15.5,0.2,51,09:41,17:57
2025-12-23,5.1,87,13.6,0.0,3,09:42,17:57
2025-12-24,3.3,72,21.4,0.0,3,09:42,17:58
2025-12-25,-0.1,74,20.6,0.1,71,09:43,17:59
2025-12-26,-0.7,84,9.7,0.0,3,09:43,17:59
2025-12-27,-0.0,85,10.3,0.0,2,09:43,18:00
2025-12-28,0.1,91,13.7,0.0,3,09:43,18:01
2025-12-29,-0.8,85,11.7,0.0,3,09:44,18:02
2025-12-30,2.2,85,12.4,0.0,3,09:44,18:03
2025-12-31,-0.0,91,9.6,0.0,2,09:44,18:03
2026-01-01,0.5,90,15.9,0.0,3,09:44,18:04
2026-01-02,2.1,93,17.7,2.9,73,09:44,18:05
2026-01-03,-0.1,82,15.2,0.0,3,09:43,18:06
2026-01-04,-1.0,80,9.2,0.0,3,09:43,18:07
2026-01-05,-1.9,89,13.4,3.7,75,09:43,18:09
2026-01-06,-2.4,90,11.9,0.0,3,09:43,18:10
2026-01-07,0.0,90,23.9,4.6,75,09:42,18:11
2026-01-08,5.4,94,31.6,8.8,61,09:42,18:12
2026-01-09,6.1,81,33.6,4.2,71,09:42,18:13
2026-01-10,3.3,79,25.9,0.7,53,09:41,18:15
2026-01-11,1.9,83,18.4,0.0,3,09:41,18:16
2026-01-12,8.7,85,22.0,7.2,55,09:40,18:17
2026-01-13,9.8,80,17.4,1.0,53,09:40,18:19
2026-01-14,9.7,87,15.2,1.1,51,09:39,18:20
2026-01-15,10.1,84,22.3,0.7,51,09:38,18:22
2026-01-16,9.0,89,22.9,1.3,51,09:38,18:23
2026-01-17,8.3,93,9.4,1.7,61,09:37,18:24
2026-01-18,7.7,85,9.1,0.0,3,09:36,18:26
2026-01-19,6.0,89,10.3,0.0,3,09:35,18:27
2026-01-20,7.4,89,19.0,0.5,51,09:34,18:29
2026-01-21,9.5,79,18.6,6.8,61,09:33,18:30
2026-01-22,8.5,88,18.9,3.1,53,09:32,18:32
2026-01-23,6.5,88,20.8,3.8,55,09:31,18:33
2026-01-24,5.1,85,14.7,0.1,51,09:30,18:35
2026-01-25,5.2,92,16.8,1.8,53,09:29,18:37
2026-01-26,5.2,93,12.5,0.2,51,09:28,18:38
2026-01-27,6.3,91,19.8,13.0,71,09:27,18:40
2026-01-28,4.7,93,11.2,0.0,3,09:26,18:41
2026-01-29,2.6,95,12.2,0.0,3,09:24,18:43
2026-01-30,6.8,89,22.0,3.6,53,09:23,18:45
2026-01-31,6.7,92,15.9,0.2,51,09:22,18:46
2026-02-01,6.7,96,14.3,2.8,55,09:20,18:48
2026-02-02,6.2,89,13.9,6.9,63,09:19,18:50
2026-02-03,7.9,91,18.9,8.7,61,09:18,18:51
2026-02-04,6.8,85,15.0,0.0,3,09:16,18:53
2026-02-05,8.7,90,16.2,10.7,63,09:15,18:55
2026-02-06,9.6,87,17.6,6.0,61,09:13,18:56
2026-02-07,8.5,83,19.7,0.0,3,09:12,18:58
2026-02-08,7.7,84,10.7,0.0,3,09:10,18:59
2026-02-09,6.5,88,17.5,0.6,51,09:08,19:01
2026-02-10,10.2,91,20.0,17.4,63,09:07,19:03
2026-02-11,11.0,86,26.7,11.5,63,09:05,19:04
2026-02-12,10.1,82,26.6,8.2,61,09:04,19:06
2026-02-13,8.0,93,16.0,10.6,61,09:02,19:08
2026-02-14,3.2,78,22.2,5.7,61,09:00,19:09
2026-02-15,2.4,87,27.0,4.4,73,08:59,19:11
2026-02-16,7.8,77,26.7,2.0,55,08:57,19:13
2026-02-17,6.1,72,19.8,0.2,51,08:55,19:14
2026-02-18,5.2,90,19.0,18.7,63,08:53,19:16
2026-02-19,8.0,90,18.0,4.1,53,08:51,19:18
2026-02-20,8.2,78,18.5,0.2,51,08:50,19:19
2026-02-21,11.9,80,18.3,0.3,51,08:48,19:21
2026-02-22,11.9,87,19.7,6.1,63,08:46,19:22
2026-02-23,12.0,78,19.8,0.3,51,08:44,19:24
2026-02-24,12.5,86,15.7,0.3,51,08:42,19:26
2026-02-25,12.1,84,9.1,0.0,3,08:40,19:27
2026-02-26,13.0,77,12.9,0.0,3,08:38,19:29
2026-02-27,11.8,82,19.3,3.1,53,08:36,19:30
2026-02-28,10.1,73,24.5,0.3,51,08:34,19:32
2026-03-01,8.0,77,19.4,0.0,3,08:32,19:34
2026-03-02,10.1,71,11.2,0.0,3,08:30,19:35
2026-03-03,10.3,77,6.4,0.0,3,08:28,19:37
2026-03-04,10.9,72,11.2,0.0,0,08:27,19:38
2026-03-05,11.0,73,7.7,0.0,3,08:25,19:40
2026-03-06,12.4,79,6.7,0.0,3,08:23,19:41
2026-03-07,12.2,84,8.3,0.0,3,08:21,19:43
2026-03-08,10.7,88,5.2,0.0,3,08:18,19:45
2026-03-09,11.5,81,9.9,0.3,51,08:16,19:46
2026-03-10,11.7,82,12.2,3.9,61,08:14,19:48
2026-03-11,10.3,82,24.8,8.0,63,08:12,19:49
2026-03-12,8.3,77,22.5,0.0,3,08:10,19:51
2026-03-13,8.9,88,24.6,16.7,63,08:08,19:52
2026-03-14,5.6,80,16.0,7.2,61,08:06,19:54
2026-03-15,6.4,72,14.4,0.0,3,08:04,19:55
2026-03-16,9.5,71,17.3,0.0,3,08:02,19:57
2026-03-17,10.2,75,10.6,0.0,3,08:00,19:58
2026-03-18,10.8,63,19.3,0.0,0,07:58,20:00
2026-03-19,10.4,64,13.9,0.0,3,07:55,20:02
2026-03-20,10.0,65,9.7,0.0,3,07:53,20:03
2026-03-21,10.3,71,11.0,0.0,3,07:51,20:05
2026-03-22,9.5,71,12.0,0.0,3,07:49,20:06
2026-03-23,10.0,71,8.6,0.0,3,07:47,20:08
2026-03-24,11.2,70,19.2,0.0,3,07:45,20:09
2026-03-25,8.0,71,29.3,4.6,73,07:43,20:11
2026-03-26,5.4,69,17.0,0.6,51,07:41,20:12
2026-03-27,6.0,71,8.5,0.1,51,07:39,20:14
2026-03-28,8.1,74,19.9,9.1,61,07:37,20:15
2026-03-29,6.5,71,13.7,1.1,73,07:35,20:17
2026-03-30,9.6,71,21.6,0.0,3,07:33,20:18
2026-03-31,8.3,81,12.9,0.9,51,07:30,20:20
2026-04-01,9.7,91,7.4,3.4,55,07:28,20:21
2026-04-02,9.8,82,13.0,1.2,51,07:26,20:23
2026-04-03,8.1,83,19.7,0.6,51,07:24,20:24
2026-04-04,14.1,78,18.0,1.2,51,07:22,20:26
2026-04-05,12.5,70,19.9,1.1,53,07:20,20:27
2026-04-06,10.5,72,8.4,0.0,3,07:18,20:29
2026-04-07,14.3,67,11.2,0.0,1,07:16,20:30
2026-04-08,16.0,61,6.5,0.0,0,07:14,20:32
2026-04-09,16.6,66,24.9,2.6,61,07:12,20:33
2026-04-10,12.5,52,18.2,0.0,3,07:10,20:34
2026-04-11,11.6,73,19.1,5.8,63,07:08,20:36
2026-04-12,9.5,71,10.0,0.2,51,07:06,20:37
2026-04-13,9.6,80,11.7,2.9,55,07:04,20:39
2026-04-14,10.6,67,10.1,0.0,3,07:02,20:40
2026-04-15,12.8,64,14.8,0.1,51,07:00,20:42
2026-04-16,14.1,65,10.2,0.0,3,06:58,20:43
2026-04-17,15.3,57,7.4,0.0,3,06:56,20:45
2026-04-18,15.8,60,16.9,1.3,53,06:54,20:46
2026-04-19,12.5,61,14.2,0.0,3,06:52,20:48
2026-04-20,11.7,56,14.8,0.0,3,06:50,20:49
2026-04-21,11.0,54,21.7,0.0,3,06:48,20:51
2026-04-22,13.3,44,20.0,0.0,3,06:46,20:52
2026-04-23,15.5,37,16.4,0.0,0,06:44,20:54
2026-04-24,16.1,35,15.1,0.0,0,06:43,20:55
2026-04-25,16.0,41,14.0,0.0,3,06:41,20:57
2026-04-26,16.2,36,10.7,0.0,3,06:39,20:58
2026-04-27,16.2,46,11.7,0.0,3,06:37,21:00
2026-04-28,16.0,47,15.5,0.0,3,06:35,21:01
2026-04-29,18.4,38,23.4,0.0,3,06:34,21:03
2026-04-30,18.2,29,18.4,0.0,0,06:32,21:04
2026-05-01,18.5,44,13.3,0.0,3,06:30,21:06
2026-05-02,18.9,70,16.9,1.5,61,06:29,21:07
2026-05-03,16.1,80,14.3,12.0,63,06:27,21:08
2026-05-04,14.4,91,8.3,8.2,61,06:25,21:10
2026-05-05,13.2,92,14.9,22.7,63,06:24,21:11
2026-05-06,11.4,81,15.8,9.6,61,06:22,21:13
2026-05-07,12.5,71,8.7,0.4,51,06:21,21:14
2026-05-08,13.8,69,9.8,0.0,2,06:19,21:16
2026-05-09,16.1,71,10.5,8.2,63,06:17,21:17
2026-05-10,14.6,81,14.5,17.8,63,06:16,21:18
2026-05-11,11.1,79,17.4,6.8,55,06:15,21:20
2026-05-12,10.3,69,10.9,0.3,51,06:13,21:21
2026-05-13,11.1,75,22.9,3.9,55,06:12,21:23
2026-05-14,9.0,78,15.7,5.1,61,06:10,21:24
2026-05-15,8.7,77,18.7,1.8,53,06:09,21:25
2026-05-16,10.5,73,13.1,0.8,53,06:08,21:27
2026-05-17,12.2,84,13.7,7.6,61,06:06,21:28
2026-05-18,11.7,79,14.1,2.6,61,06:05,21:29
2026-05-19,13.3,83,21.3,6.8,63,06:04,21:31
2026-05-20,15.8,75,19.3,2.3,51,06:03,21:32
2026-05-21,17.3,73,8.7,0.0,3,06:02,21:33
2026-05-22,20.3,68,6.5,0.0,2,06:00,21:34
2026-05-23,22.5,61,7.3,0.0,3,05:59,21:35
2026-05-24,24.0,64,12.1,0.0,1,05:58,21:37
2026-05-25,25.6,60,13.3,0.0,3,05:57,21:38
2026-05-26,25.7,48,10.3,0.0,1,05:57,21:39
2026-05-27,26.0,48,11.9,0.0,1,05:56,21:40
2026-05-28,26.1,52,10.2,0.3,51,05:55,21:41
2026-05-29,26.6,52,8.4,0.0,3,05:54,21:42
2026-05-30,25.9,59,11.0,0.3,51,05:53,21:43
2026-05-31,19.7,63,19.0,1.7,61,05:52,21:44
2026-06-01,19.7,61,11.5,0.0,3,05:52,21:45
2026-06-02,17.8,75,22.7,9.9,61,05:51,21:46
2026-06-03,16.4,76,24.9,1.0,51,05:50,21:47
2026-06-04,16.2,75,23.8,4.9,53,05:50,21:48
2026-06-05,14.8,68,13.8,0.6,51,05:49,21:49
2026-06-06,16.2,64,23.2,1.3,51,05:49,21:50
2026-06-07,16.6,64,14.9,0.0,3,05:48,21:51
2026-06-08,17.0,71,20.8,3.1,61,05:48,21:51
2026-06-09,14.7,65,17.8,0.9,51,05:48,21:52
2026-06-10,14.2,72,15.0,5.8,61,05:47,21:53
2026-06-11,14.2,69,16.6,0.0,3,05:47,21:53
2026-06-12,19.7,68,19.5,0.2,51,05:47,21:54
2026-06-13,21.1,60,15.0,0.0,3,05:47,21:54
2026-06-14,20.2,47,11.9,0.0,2,05:46,21:55
2026-06-15,21.9,50,13.9,1.8,61,05:46,21:55
2026-06-16,23.5,58,12.7,0.8,51,05:46,21:56
2026-06-17,25.4,51,10.8,0.0,2,05:46,21:56
2026-06-18,26.4,56,20.9,3.9,61,05:46,21:57
2026-06-19,27.8,52,18.5,0.5,51,05:47,21:57
2026-06-20,26.1,62,11.1,2.0,53,05:47,21:57
2026-06-21,28.9,57,15.5,0.0,3,05:47,21:57
2026-06-22,30.8,50,16.2,0.5,51,05:47,21:58
2026-06-23,31.0,48,22.0,1.2,55,05:47,21:58
2026-06-24,33.1,38,16.1,0.1,51,05:48,21:58
2026-06-25,34.3,32,16.5,0.0,3,05:48,21:58
2026-06-26,31.5,40,15.1,1.8,61,05:49,21:58
2026-06-27,28.4,47,18.9,2.2,61,05:49,21:58
2026-06-28,24.8,70,13.2,2.6,53,05:49,21:58
2026-06-29,21.8,57,14.9,0.9,53,05:50,21:58
2026-06-30,21.8,55,16.3,0.0,3,05:50,21:57
2026-07-01,20.5,55,14.9,0.0,3,05:51,21:57
2026-07-02,20.3,65,18.4,0.0,3,05:52,21:57
2026-07-03,21.8,56,14.8,0.0,3,05:52,21:56
2026-07-04,22.7,43,14.8,0.0,0,05:53,21:56
2026-07-05,23.2,59,14.1,0.0,3,05:54,21:56
2026-07-06,26.3,45,10.5,0.0,3,05:55,21:55
2026-07-07,28.1,31,16.3,0.0,3,05:55,21:55
2026-07-08,27.0,37,15.6,0.0,2,05:56,21:54
2026-07-09,28.0,43,13.8,0.0,0,05:57,21:54
2026-07-10,28.6,41,17.5,0.3,51,05:58,21:53
2026-07-11,29.6,34,16.7,0.0,3,05:59,21:52
2026-07-12,29.7,33,17.7,0.0,3,06:00,21:51
2026-07-13,29.2,34,18.6,0.0,3,06:01,21:51
2026-07-14,28.0,47,13.6,1.3,53,06:02,21:50
2026-07-15,28.3,36,13.1,0.1,51,06:03,21:49
2026-07-16,26.3,46,17.0,13.6,63,06:04,21:48
2026-07-17,22.1,73,14.2,2.1,51,06:05,21:47
2026-07-18,22.6,59,16.3,0.8,51,06:06,21:46
2026-07-19,19.3,53,16.3,0.0,3,06:07,21:45
2026-07-20,18.7,49,16.2,0.0,3,06:09,21:44
2026-07-21,20.1,48,13.9,0.0,1,06:10,21:43
2026-07-22,20.4,54,15.6,0.0,3,06:11,21:42
2026-07-23,20.7,51,14.3,0.0,3,06:12,21:41
2026-07-24,22.2,49,13.7,0.0,3,06:13,21:40
2026-07-25,23.9,47,16.7,0.0,3,06:15,21:38
2026-07-26,21.0,63,23.0,0.4,51,06:16,21:37
2026-07-27,21.3,55,15.1,0.0,3,06:17,21:36
2026-07-28,24.9,47,9.2,0.0,0,06:18,21:34
2026-07-29,30.1,33,14.5,0.0,0,06:20,21:33
2026-07-30,24.6,58,11.3,3.5,63,06:21,21:32
2026-07-31,22.7,64,13.4,0.0,3,06:22,21:30
2026-08-01,22.4,56,10.6,0.1,51,06:24,21:29
2026-08-02,24.7,40,11.1,0.0,3,06:25,21:27
2026-08-03,27.2,45,13.0,0.6,51,06:26,21:26
2026-08-04,25.7,58,15.5,0.2,51,06:28,21:24
2026-08-05,23.8,54,16.2,0.0,3,06:29,21:23
2026-08-06,20.8,50,15.0,0.0,3,06:30,21:21
2026-08-07,20.3,46,11.3,0.0,0,06:32,21:19
2026-08-08,23.6,36,8.4,0.0,2,06:33,21:18
2026-08-09,26.3,34,20.2,0.0,3,06:35,21:16
2026-08-10,25.8,43,13.5,0.0,0,06:36,21:15
2026-08-11,25.8,45,13.3,0.0,0,06:37,21:13
2026-08-12,28.2,28,10.7,0.0,0,06:39,21:11
2026-08-13,30.4,27,9.6,0.0,0,06:40,21:09
2026-08-14,31.9,26,11.7,0.1,51,06:42,21:08
2026-08-15,26.2,56,19.7,0.0,3,06:43,21:06
2026-08-16,25.0,67,10.4,2.8,61,06:44,21:04
2026-08-17,24.7,54,17.2,0.0,3,06:46,21:02
2026-08-18,23.3,63,19.0,0.2,51,06:47,21:00
2026-08-19,22.7,72,25.9,7.7,55,06:49,20:58
2026-08-20,19.7,66,18.4,0.3,51,06:50,20:56
2026-08-21,18.4,69,15.2,2.0,53,06:51,20:55
2026-08-22,17.7,66,12.8,0.1,51,06:53,20:53
2026-08-23,18.9,53,15.1,0.0,3,06:54,20:51
2026-08-24,21.0,44,15.2,0.0,3,06:56,20:49
2026-08-25,21.9,62,11.0,2.6,53,06:57,20:47
2026-08-26,23.6,65,10.8,1.9,53,06:59,20:45
2026-08-27,21.9,80,11.4,34.0,65,07:00,20:43
2026-08-28,18.6,82,18.0,8.1,63,07:01,20:41
2026-08-29,19.1,79,27.8,4.3,63,07:03,20:39
2026-08-30,19.9,73,17.4,1.0,51,07:04,20:37
2026-08-31,19.3,70,20.1,1.1,51,07:06,20:35
2026-09-01,18.8,67,9.1,0.0,3,07:07,20:33
2026-09-02,19.3,64,8.1,0.0,3,07:08,20:31
2026-09-03,22.5,60,14.3,0.0,3,07:10,20:29
2026-09-04,23.8,65,18.8,0.0,3,07:11,20:27
2026-09-05,20.3,57,12.2,0.0,3,07:13,20:25
2026-09-06,21.5,50,10.1,0.0,3,07:14,20:22
2026-09-07,24.2,54,16.7,0.0,3,07:15,20:20
2026-09-08,20.9,69,30.1,1.3,53,07:17,20:18
2026-09-09,16.5,66,14.1,0.4,51,07:18,20:16
2026-09-10,15.9,64,8.5,0.0,3,07:20,20:14
2026-09-11,18.7,58,12.3,0.0,3,07:21,20:12
2026-09-12,19.9,66,8.9,0.0,3,07:23,20:10
2026-09-13,20.4,65,10.2,2.4,61,07:24,20:08
2026-09-14,22.5,67,6.7,0.0,3,07:25,20:05
2026-09-15,23.6,56,19.9,0.0,3,07:27,20:03
2026-09-16,18.3,59,13.9,0.3,51,07:28,20:01
